filename,category,layout,title,date,rating,meal,address,country,region,suburb,website,body,,,,,,,,,,,,,,,,,,,,,,,,,,,,,,,,,,,,,,,,,,,,,,,,,,,,,,,,,,,,,,,,,,
2020-11-07-black-pearl-cafe.md,Reviews,post,Black Pearl Cafe,2020-11-07,1,dinner,"91 Broadway Avenue, Palmerston North Central, Palmerston North 4410",New Zealand,Palmerston North,Palmerston North Central,http://www.blackpearlcafe.co.nz/,"Spring rolls Sweet & sour tofu Japanese curry with rice Warm sesame milk bubble tea The bubble tea was great, but all the vegetables were badly undercooked, and the meat was really chewy.",,,,,,,,,,,,,,,,,,,,,,,,,,,,,,,,,,,,,,,,,,,,,,,,,,,,,,,,,,,,,,,,,,
2020-11-07-castle-789.md,Reviews,post,Castle 789,2020-11-07,1,dinner,"789 Main Street, Hokowhitu, Palmerston North 4414",New Zealand,Palmerston North,Hokowhitu,https://www.facebook.com/castle789/?locale=zh_CN,"Fish & chips This venue describes itself as an eatery, that's a bit strong. This is a bar, with a bar snacks menu, the fish in our fish & chips was fish bites. Fortunately, they allow you to order in your own Dominos. Also: karaoke.",,,,,,,,,,,,,,,,,,,,,,,,,,,,,,,,,,,,,,,,,,,,,,,,,,,,,,,,,,,,,,,,,,
2020-11-07-murray-s-irish-public-house.md,Reviews,post,Murray's Irish Public House,2020-11-07,1,lunch,"78/80 Fergusson Street, Feilding 4702",New Zealand,Manawatu,Feilding,https://murraysirishbar.com/,"Murray's pub burger Fish & chips The fish was a bit too fishy, the burger was dry and flavourless, although it did hold itself together well.",,,,,,,,,,,,,,,,,,,,,,,,,,,,,,,,,,,,,,,,,,,,,,,,,,,,,,,,,,,,,,,,,,
2020-11-14-fresh-bowl.md,Reviews,post,Fresh Bowl,2020-11-14,3,lunch,"5 Grey Street, Palmerston North Central, Palmerston North 4410",New Zealand,Palmerston North,Palmerston North Central,https://www.instagram.com/popular/fresh-bowl-palmerston-north/,"Fried noodles, cabbage, red cabbage, red onion, carrot, garlic aioli, sweet chilli, tofu, and Singapore Steak Roast potato, cabbage, red cabbage, carrot, pickles, red onion, cheese, sesame sauce, and won tons This place is sort of like Subway, in that you choose a base (rice, potato, noodles), salads, sauces, and meats. Very popular, and frankly, we can see why. Tasty, well priced, lots of options. The potatoes were a little average, the tofu was a bit sloppy on the inside, and overall the meals were very salty, but they were very yummy. Lunch only.",,,,,,,,,,,,,,,,,,,,,,,,,,,,,,,,,,,,,,,,,,,,,,,,,,,,,,,,,,,,,,,,,,
2020-11-20-the-royal.md,Reviews,post,The Royal Hotel,2020-11-20,2,dinner,"44 Rangitikei Street, Palmerston North Central, Palmerston North 4410",New Zealand,Palmerston North,Palmerston North Central,https://thenewroyalhotelpapaioea.com/,"Battered fish, chips, and salad Cheeseburger and chips What a surprise. Yes, this establishment is a bit run down and the menu is basic. But the food was well made, tasty, and excellent value for money. Exceeded expectations. In particular the salad with the fish & chips - many places just phone this salad in. Not The Royal. Fancy lettuce, red onion, carrot, cheese, capsicum, tomato, cucumber, salad dressing. Not two sad lettuce leaves and a single slice of cucumber like you get in some pubs. Also they weren't shy with the tartare and tomato sauces. And they had chicken salt on the chips for both meals, plus the burger was huge. If you want to enter the pool comp, be sure to bring your own cue. It's pretty serious business.",,,,,,,,,,,,,,,,,,,,,,,,,,,,,,,,,,,,,,,,,,,,,,,,,,,,,,,,,,,,,,,,,,
2020-11-28-the-cooperage-cafe.md,Reviews,post,The Cooperage Cafe,2020-11-28,1,lunch,"723 Main Street, Palmerston North Central, Palmerston North 4414",New Zealand,Palmerston North,Palmerston North Central,https://www.thecooperage.co.nz/,"Chicken, cranberry, and cream cheese filo with salad Butter chicken pie with salad Carrot cake with yoghurt Banana smoothie Oh dear, everything went wrong here. Although we weren't planning on drinking anything alcoholic, this establishment loudly announces on its signage that it is a licensed cafe. Right inside the door however is a sign that says no alcohol, and this is honestly the least of their problems. There was a really long and slow queue to order, and when we did finally order two items from their menu, we were informed that the wait would be 40 minutes. That's understandable on an exceptionally busy day, but The Cooperage was only about a third full... we just ate from the cabinet. The filo, the pie, and the carrot cake were passable. The salads that came with the meals had too much dressing, too much carrot, and not a lot of anything else. There was something wrong with the yoghurt, in fact, it was inedible. Two mysterious bowls, one of sour cream and one of tomato relish were delivered, it was not exactly clear what they were supposed to accompany, so we tried them both with everything hot. That was a mistake. The smoothie was from one of those Zero Degrees powder sachets, nobody would think there was any banana involved, and there was an unpleasant aftertaste typical of these powder smoothies. The staff seemed very stressed, and on the whole, not pleased to be there. There appear to be some management issues at The Cooperage, the last time we tried to eat here we were told we could only order from the cabinet as there was no cook. The whole experience was a bummer.",,,,,,,,,,,,,,,,,,,,,,,,,,,,,,,,,,,,,,,,,,,,,,,,,,,,,,,,,,,,,,,,,,
2020-11-29-saigon-restaurant-and-bar.md,Reviews,post,Saigon Restaurant & Bar,2020-11-29,2,dinner,"327 Broadway Avenue, Palmerston North Central, Palmerston North 4414",New Zealand,Palmerston North,Palmerston North Central,http://www.saigon.nz/,"Vietnamese stir fry with fried noodles and beef Lemongrass beef vermicelli salad For a Vietnamese restaurant, you wouldn't expect so many dishes to come with chips. That said, the food was pretty nice, and came out really fast. Ambiance was a bit weird, there was a live singer who was good, but the space is just too small for her. It was like they couldn't quite decide between being a restaurant or a bar.",,,,,,,,,,,,,,,,,,,,,,,,,,,,,,,,,,,,,,,,,,,,,,,,,,,,,,,,,,,,,,,,,,
2020-12-04-nero-restaurant.md,Reviews,post,Nero Restaurant,2020-12-04,3,dinner,"36 Amesbury Street, Palmerston North Central, Palmerston North 4410",New Zealand,Palmerston North,Palmerston North Central,http://www.nerorestaurant.co.nz/,"3 cheese souffle Pumpkin risotto with stir-fried vegetables Pork belly with arancini, broccoli and pear Sticky date pudding with ice cream Nice place, intimate setting, good for couples. Very good service and meals were out really fast, complementary amuse bouche was a nice touch. The stir-fried vegetables were a poorly matched accompaniment to the risotto, which was otherwise nice. The pork belly was fantastic, mad props to the crackling. However the standout of the meal was the sticky date pudding, which is definitely the best we've had.",,,,,,,,,,,,,,,,,,,,,,,,,,,,,,,,,,,,,,,,,,,,,,,,,,,,,,,,,,,,,,,,,,
2020-12-05-yummy-mummys-cheesecakes.md,Reviews,post,Yummy Mummys Cheesecakes,2020-12-05,2,lunch,"67 Vogel Street, Woodville 4920",New Zealand,Manawatu,Woodville,https://www.facebook.com/yummymummyscheesecakes/,"Vegetarian panini Ploughman's sandwich Caramel brownie slice Candy cane cheesecake Although best known for their cheesecake, Yummy Mummy's has a respectable cafe (cabinet food only). The vegetarian panini was unusual and interesting but overall very nice. It contained apple which was an eye opener, in a good way. The sandwich was fairly pedestrian but well-made and tasty. The caramel brownie slice was very caramel-y and delicious. The candy cane cheesecake was polarising - one of us found it literally inedible. The other found it rather good. Yummy Mummy's has a great range of cheesecake flavours, candy cane being a festive limited-time special.",,,,,,,,,,,,,,,,,,,,,,,,,,,,,,,,,,,,,,,,,,,,,,,,,,,,,,,,,,,,,,,,,,
2020-12-12-o-briens-irish-sandwich-cafe.md,Reviews,post,O'Briens Irish sandwich Cafe,2020-12-12,3,lunch,"44 Broadway Avenue, Palmerston North Central, Palmerston North 4410",New Zealand,Palmerston North,Palmerston North Central,https://www.obriens.co.nz/,"Celtic: mixed leaves, sundried tomato, cheddar, and red onion on multigrain bread Breakfast bun: bacon, egg, sausage and hollandaise on ciabatta Banana smoothie Peanut butter slab O'Briens makes a killer sandwich. The Celtic, which we asked to have without avocado, was very nice. Red onion is always a risk in a sandwich, often you get colossal pieces that all come out the side at once, in the Celtic however, the red onion was very subtle, and well proportioned. The ciabatta of the breakfast bun, was outstanding, soft, toasted to perfection, and delicious, but there were some minor structural issues. Both sandwiches came with ready salted chips, which was unusual, but not unwelcome. The banana smoothie certainly wasn't bad, but it didn't turn any heads. And the peanut butter slab was like a big Reese's piece, and what's not to like about that. It looks like a 90's Robert Harris on the inside, could use a revamp. The menu was vast and varied, truly a sandwich for every taste.",,,,,,,,,,,,,,,,,,,,,,,,,,,,,,,,,,,,,,,,,,,,,,,,,,,,,,,,,,,,,,,,,,
2020-12-13-moxies-cafe.md,Reviews,post,Moxie's Cafe,2020-12-13,2,lunch,"67 George Street, Palmerston North Central, Palmerston North 4410",New Zealand,Palmerston North,Palmerston North Central,https://www.facebook.com/moxiescafe.pn/,"Eggs benedict with mushroom Pork belly burger with chips Let us tell you about Steve's latte. Moxies was quite busy when we arrived, with a few reserved tables. The table next to us was reserved for Steve. While we were waiting for our meals to come out (which took 20 minutes, but they had told us 30 minutes and to be fair it was fairly busy) we watched with interest as a latte bowl complete with chocolate fish was delivered to Steve's reserved empty table for two. The latte sat there. And sat there. At a time when the latte was surely lukewarm the apparent manager (judging by the way he was bustling about and shaking hands with customers) removed the latte from the table and moved it to a neighbouring, non-reserved and much larger table. He removed the saucer and placed it atop the bowl as a lid of sorts, assumedly in a vain attempt to keep what little heat remained inside. Some time later a man and a woman arrived and sat at Steve's table. Was this Steve? Less than one minute later their meals arrived - Steve (?) and associate had clearly ordered in advance. Yet the latte remained banished to the other table. More mysteriously still, shortly after this two coffees (none of which was a latte bowl) arrived for Steve (?) and associate. Just as we were ready to give up hope, a gentleman arrived at the latte table. The manager greeted him and indicated the latte bowl, which the man started to drink. Was THIS Steve? Then who had sat at Steve's table? And why was the latte prepared SO FAR IN ADVANCE of either Steves' arrivals? We left Moxies after a pretty average meal with more questions than answers. During this drama, we did receive our food. The eggs benedict was just like a thousand others we've had. The pork belly burger was comically over-tall and so impossible to eat without deconstruction. Even if the burger hadn't been taller than Business Andy's face, pork belly is not suitable as a burger filling as it is too chewy - pulled pork would have been preferable. The burger was nice, just difficult to eat.",,,,,,,,,,,,,,,,,,,,,,,,,,,,,,,,,,,,,,,,,,,,,,,,,,,,,,,,,,,,,,,,,,
2020-12-18-the-bean-cafe.md,Reviews,post,The Bean Cafe,2020-12-18,1,dinner,"92 Broadway Avenue, Palmerston North Central, Palmerston North 4410",New Zealand,Palmerston North,Palmerston North Central,https://www.facebook.com/beancafe/,"Honey glazed beef hot plate with rice Mee goreng with BBQ pork If you want to read some classic manga, this is the place for you. If you want a nice meal, maybe you'd be better looking elsewhere. The beef was yuck, it was very chewy, and had that flavour you remember from that time you made that awful stir fry with the cheapest beef from Pak'nSave when you were first flatting. The sauce, while very sweet wasn't bad, and neither were the vegetables, but the beef ruined the whole thing. The mee goreng was reasonable, but couldn't elevate this meal above a 1 by itself.",,,,,,,,,,,,,,,,,,,,,,,,,,,,,,,,,,,,,,,,,,,,,,,,,,,,,,,,,,,,,,,,,,
2020-12-19-shake-out.md,Reviews,post,Shake Out,2020-12-19,3,lunch,"Shop 2/199 Main Street, Takaro, Palmerston North 4412",New Zealand,Palmerston North,Takaro,https://www.shakeout.co/,"Cheeseburger Chicken burger Cheesy fries Cheesecake shake Shake Out is a fast food burger establishment, with a difference. The set-up is designed to be streamlined with cashierless, cashless ordering using a tablet, a limited menu and no customisation. Speaking as people who sometimes like to remove the tomato from their burger, the lack of customisation was a little disappointing. However, the burgers were very good. Quality, fresh ingredients and great buns, these were simple burgers done well. The burgers are small which is great for lunch and was reflected in the price. The cheesy fries came with a cheese dipping sauce which was a bit heart attack-esque. The cheesecake shake was similarly artery clogging but we appreciated the unique cheesecake flavour, although it was a bit sweet and was very thick - we recommend mixing the shake thoroughly before drinking.",,,,,,,,,,,,,,,,,,,,,,,,,,,,,,,,,,,,,,,,,,,,,,,,,,,,,,,,,,,,,,,,,,
2020-12-28-master-bakery-coffee-shop.md,Reviews,post,Master Bakery & Coffee Shop,2020-12-28,1,lunch,"6 Manawaroa Street, West End, Palmerston North 4410",New Zealand,Palmerston North,West End,https://www.facebook.com/MasterBakeryPN,"Potato top pie Pork riblet roll Cookie caramel slice This is where your Nana would take you in the 90s, right down to the red plastic tray that slides in front of the cabinets and the teeny plates. The pastry on the potato top was extremely dry, as was as the pork riblet. The cookie caramel slice was passable.",,,,,,,,,,,,,,,,,,,,,,,,,,,,,,,,,,,,,,,,,,,,,,,,,,,,,,,,,,,,,,,,,,
2020-12-31-fast-food-house.md,Reviews,post,Fast Food House,2020-12-31,1,lunch,"70-72 Kimbolton Road, Feilding 4702",New Zealand,Manawatu,Feilding,https://feilding.co.nz/address/business-directory/fast-food-house.html,"The Pensioner Pack: fish, chips, tartare sauce Fish and cheese burger Thirty years of zero upkeep on the quintessential 80's decor has taken its toll, the result is a bit depressing. Not as depressing as the fish burger though. The burger tasted like a combination of sugar, oil, and nothing, and not in a good way. The fish in the Pensioner Pack was rubbery, although the slice of lemon was appreciated, and the chips were alright.",,,,,,,,,,,,,,,,,,,,,,,,,,,,,,,,,,,,,,,,,,,,,,,,,,,,,,,,,,,,,,,,,,
2021-01-04-angkor-wat-bakery-cafe.md,Reviews,post,Angkor Wat Bakery & Cafe,2021-01-04,2,lunch,"689 Tremaine Avenue, Palmerston North Central, Palmerston North 4414",New Zealand,Palmerston North,Palmerston North Central,https://www.facebook.com/p/Angkor-Wat-Bakery-Cafe-100032983556425/,"Fish burger Satay chicken burger with chips The service in Angkor Wat was so excellent that, were there a rating for service alone, this would be at the top. The woman at the counter was an absolute delight - patient, friendly, laughed at all our jokes and even cracked one herself. Unfortunately, our rating system is not on service alone and the food at Angkor Wat was only so-so. Some care had been taken in constructing the burgers including fresh fancy lettuce and tomato. However, the fish was a little fishy and there was a bit too much lettuce in the fish burger. The satay chicken burger was a little better but still only okay. A note on the clientele. In the average population, what proportion would you expect to have a limp? Five percent? Ten percent? Try seventy-five percent (of the customers dining in, excluding us). Seems a little extreme. Did something happen here?",,,,,,,,,,,,,,,,,,,,,,,,,,,,,,,,,,,,,,,,,,,,,,,,,,,,,,,,,,,,,,,,,,
2021-01-15-tikka-talks.md,Reviews,post,Tikka Talks,2021-01-15,3,dinner,"126 King Street, Palmerston North Central, Palmerston North 4410",New Zealand,Palmerston North,Palmerston North Central,https://tikkatalkspalmerstonnorth.co.nz,"Poppadums with cumin seeds Onion bhaji with tamarind sauce Paneer tikka masala with rice Beef jalfrezi with rice Aloo paratha Onion kulcha A small thing of mint yoghurt sauce Let me tell you who's punching above their weight; Tikka Talks is punching above their weight. The place looks awful. We were the only people there and decorations included a pool table, seven empty food cabinets, a childrens' play pen, a collection of four Warehouse-esque kiwi themed framed inspirational prints, and a large green dreamcatcher with a unicorn in the centre. But all this was saved by one man, and his mission, which was to upsell us at every opportunity, and to slay us with his jokes. Our original order was two curries, one plain naan, and one cheese naan, but the man drives a hard bargain, and by the time we realised that we had been worked by a skilled salesman, it was far too late. We were assured that we were going to be served something special that we were going to love, and he was right, dammit. The cumin seeds in the poppadums was a nice touch, the bhaji was just the way we like it, and the tamarind sauce, which we were proudly assured was made from scratch, was excellent. The curries themselves were both delicious. And as for the breads, the onion kulcha was sweet and tasty, while the aloo was just alright. Tikka Talks deserves more customers.",,,,,,,,,,,,,,,,,,,,,,,,,,,,,,,,,,,,,,,,,,,,,,,,,,,,,,,,,,,,,,,,,,
2021-01-16-stage-door-cafe.md,Reviews,post,Stage Door Cafe,2021-01-16,1,lunch,"96 King Street, Palmerston North Central, Palmerston North 4410",New Zealand,Palmerston North,Palmerston North Central,http://www.stagedoor.cafe/,"Bacon buttie and chips Macaroni cheese If the staff at Stage Door Cafe didn't want us to eat there, they should have just said. When we arrived (at 1:30pm on a Saturday) we were the only people there and while we were told they were still cooking, their faces said otherwise. The macaroni cheese was bland although we do commend their reheating skills - reheated cabinet mac'n'cheese often comes out as a brick-like structure, but this looked like it had just been made. The bacon buttie was very disappointing. For $15 we expect more than just bread and bacon hastily slapped together. There wasn't even any sauce in the sandwich.",,,,,,,,,,,,,,,,,,,,,,,,,,,,,,,,,,,,,,,,,,,,,,,,,,,,,,,,,,,,,,,,,,
2021-01-22-cafe-express.md,Reviews,post,Cafe Express,2021-01-22,1,dinner,"The Grand Building, 41 The Square, Palmerston North 4410",New Zealand,Palmerston North,Palmerston North Central,http://www.cafeexpress.net.nz/,"Meatlovers pizza Pesto pasta If you like huge meals, Cafe Express is the place for you. If you like nice meals, maybe not so much. The ""medium"" pizza and ""small"" pasta we ordered would have comfortably fed three people, and for a very modest price. Unfortunately, the flavours couldn't keep up with the value. The pasta was nice on the first bite. But two to three bites in it became apparent that this was really just spaghetti in a white sauce with minimal pesto and parmesan resulting in a bland dish. This became tedious very fast and was a long, long slog to the bottom of the bowl. The pizza was better than the pasta, but hardly turning heads. It was way over-cheesed. This resulted in serious structural issues as well as sogginess in the centre of the pizza. The meats themselves were fine, but the pizza could have done with a BBQ sauce or something to add a little pizzazz. Also, there was a cat tower near the kitchen. Tragically we never saw any cats.",,,,,,,,,,,,,,,,,,,,,,,,,,,,,,,,,,,,,,,,,,,,,,,,,,,,,,,,,,,,,,,,,,
2021-01-25-rustic-steakhouse.md,Reviews,post,Rustic Steakhouse,2021-01-25,3,lunch,"21 Mataroa Road, Taihape 4720",New Zealand,Manawatu,Taihape,https://www.facebook.com/rusticsteakhouse/,"Eye fillet, polenta chips and BBQ sauce Beef burger with chips Rustic Steak House does simple food, but does it pretty well. The burger was basic but tasty. Particularly welcome was the steak knife through the middle of the burger, allowing the burger to be cut in half making it a breeze to eat. The eye fillet was properly cooked and came with the very welcome surprise of a half clove of roasted garlic. A little side salad wouldn't have gone amiss.",,,,,,,,,,,,,,,,,,,,,,,,,,,,,,,,,,,,,,,,,,,,,,,,,,,,,,,,,,,,,,,,,,
2021-01-29-cloverlea-tavern.md,Reviews,post,Cloverlea Tavern,2021-01-29,1,dinner,"01 Tremaine Avenue, Highbury, Palmerston North 4412",New Zealand,Palmerston North,Highburh,https://www.facebook.com/cloverleatavern2017/,"Fish & Chips Fisherman's Basket If we were rating for atmosphere alone, Cloverlea Tavern would be a 4. Sensational karaoke, everyone knew everyone, there was a meat raffle going around, and we spotted the world's most magnificent mullet crooning ""Country Roads."" However, Business Andy & the Fee-Rex is a restaurant review blog, not a bar atmosphere review blog. The menu was bar snacks, but some effort had been made. There was a tasty seasoning on top and both tartare and tomato sauce on the side. The fish was just fish bites, but they were about as good as fish bites get. The shrimp and squid rings were good, however the mussels were a bit old. Maybe it was the karaoke, or maybe it was the mullet, in any case we were strongly reminded of our time at Castle 789. For the record, Cloverlea Tavern is better in every way.",,,,,,,,,,,,,,,,,,,,,,,,,,,,,,,,,,,,,,,,,,,,,,,,,,,,,,,,,,,,,,,,,,
2021-01-30-cafe-ignition.md,Reviews,post,Cafe Ignition,2021-01-30,1,lunch,"Milson, Palmerston North 4414",New Zealand,Manawatu,Palmerston North,https://www.facebook.com/p/Cafe-Ignition-100057349634564/,"Macaroni cheese Nachos Banana smoothie Cafe Ignition has a great view. Of the tarmac. This is the cafe at the Palmerston North airport. And you can tell they're used to a captive clientele. The food was bland across the board. The smoothie was the highlight. The lowlight was the macaroni cheese. We saw the individually served bowls in the cabinet, with a garnish of two slices of tomato, a couple of spinach leaves and a sprinkling of red onion on top. When this was served to us, the garnish was steaming hot. They had clearly just chucked the whole thing in the microwave. How lazy is that?! Considering there were no flights for the next 3 hours and the place was nearly completely empty, they had plenty of time to remove the garnish prior to heating if they had cared enough to do so. Speaking of things they didn't care to do, perhaps the staff could do less sitting-in-the-corner-doing-a-crossword-puzzle and more wiping of tables and chairs, which were crumb-fest 2021. If you do, for some reason, still want to go to this cafe, then a note on parking. Unless you want to pay exorbitant airport parking fees, you will need to park some ways away. And we recommend you do not pay for airport parking, as you will need all your money to pay the ripoff airport prices for your tasteless meal.",,,,,,,,,,,,,,,,,,,,,,,,,,,,,,,,,,,,,,,,,,,,,,,,,,,,,,,,,,,,,,,,,,
2021-02-05-empire-sports-garden-bar-restaurant.md,Reviews,post,Empire Sports & Garden Bar Restaurant,2021-02-05,3,dinner,"8 Stafford Street, Feilding 4702",New Zealand,Manawatu,Feilding,https://www.facebook.com/empirefeilding,"Beef bao buns Beef burger and chips They say that in 2021, $25 won't get you much for dinner. The person who said that has never been to The Empire; the value for money here is immense. The beef bao buns were tasty, although the beef was a little chewy. And the beef burger was similarly tasty, with a patty that was a bit on the dry side. The burger also fell apart spectacularly, and the Fee-Rex was covered in a sticky mixture of caramelised onion and tomato after just a few mouthfuls. It's already been said, but needs to be said again, the value for money here is spectacular. This humungous and delicious meal was the same price as the miserable lunch we had at the Stage Door Cafe recently. How do they do it? What are their secrets?",,,,,,,,,,,,,,,,,,,,,,,,,,,,,,,,,,,,,,,,,,,,,,,,,,,,,,,,,,,,,,,,,,
2021-02-11-orlando-country-club.md,Reviews,post,Orlando Country Club,2021-02-11,3,lunch,"748 Rangitikei Line, Newbury, Palmerston North 4475",New Zealand,TODO,TODO,https://www.orlandocountry.co/,"We ate lunch here in February 2021 Margherita melt BBQ melt Warning: melt means large pizza bread. Two of these was way too much for us, one would have been about right. That said, they were both quite nice. There was plenty of mozzarella on the Margherita melt, and having cherry tomatoes instead of slices of regular tomatoes was the way to go. The BBQ melt was very meaty and hearty, and had plenty of sauce; a winning combo. On your arrival at Orlando Country Club, you'll notice the large sign detailing the dress code. No stubbies, no singlets, no hoodies, and presumably no facial tats. Who do they think they are? This isn't a real country club, it's just a driving range and cafe. And by the way, we saw all of these rules violated while we were there. Website",,,,,,,,,,,,,,,,,,,,,,,,,,,,,,,,,,,,,,,,,,,,,,,,,,,,,,,,,,,,,,,,,,
2021-02-12-subway.md,Reviews,post,Subway,2021-02-12,1,dinner,"S504, Glenfield, Auckland, New Zealand 0629",New Zealand,TODO,TODO,http://subway.co.nz/,"We ate dinner here in February 2021 Meatball sub on rye bread (non-toasted) with smoked cheese, spinach, cucumber, onion, carrot, capsicum, olives, garlic aioli, and pepper Steak panini with mozzarella, spinach, onion, capsicum, honey mustard, and ranch dressing When you order a steak panini at Subway, you're not expecting eye fillet, but you're also not expecting dry steak with a layer on top that we genuinely thought was mushroom, but on reflection, was probably fat. This panini was flavourless, and we know what you're thinking, Subway is what you make it. However on this occasion, we used the Subway recommended salads and cheese, and got a very bland result. Our compliment for this panini is that it was piping hot, some cafes could learn a lesson from Subway here. Fortunately, the meatball sub was a bit better, but ultimately only reaches the level of ""adequate."" Why would you eat at Subway when O'Briens Irish Sandwich Cafe exists? Website",,,,,,,,,,,,,,,,,,,,,,,,,,,,,,,,,,,,,,,,,,,,,,,,,,,,,,,,,,,,,,,,,,
2021-02-19-4flames.md,Reviews,post,4Flames,2021-02-19,3,dinner,"69 Kimbolton Road, feilding, Feilding 4702",New Zealand,TODO,TODO,https://www.4flames.nz/,"We ate dinner here in February 2021 Lamb madras with rice Paneer lababdar with rice Plain naan Cheese & garlic naan Hey 4Flames, turn down the damn air conditioning. You know there's a real problem when you can hear people at other tables also complaining about being cold. We felt bad for the women who showed up wearing tiny skirts as we were leaving. Putting the enthusiastic temperature regulation aside, the curries were very nice and quite different. The lababdar was sweet and creamy, and the madras was coconutty. Unfortunately, the chunks of paneer and lamb were far too big, and the paneer was very dense. The lamb was good for curry-grade lamb, but it was still curry-grade lamb. The presentation of the curries was atypical, and we liked it. Gone were the typical cauldrons of curry sauce with submerged chunks and the plate for mixing. Instead it was like how you make a curry at home; all in a bowl. This was way better, with the opportunity to just add rice to your bowl and mix - voila! If you're looking for a quick meal, we recommend avoiding Friday night dining as the takeaway side of the business was pumping and dine-in wait times suffered. Reservations are strongly recommended. Website",,,,,,,,,,,,,,,,,,,,,,,,,,,,,,,,,,,,,,,,,,,,,,,,,,,,,,,,,,,,,,,,,,
2021-02-20-trio-cafe.md,Reviews,post,Trio Cafe,2021-02-20,3,lunch,"2/14 Corinthian Drive, Albany, Auckland 0632",New Zealand,TODO,TODO,TODO,"We ate lunch here in February 2021 Creamy mushrooms on toast Big breakfast: bacon, sausage, eggs, toast, hash browns, mushrooms Banana smoothie When we arrived at Trio Cafe, we were alone, and the waitress looked surprised to see us. The whole time we were there, we were alone. When we ordered, she had to look up all the prices, we suspected that we were their first customers ever. We thought ""this doesn't look good."" When the smoothie arrived, and was really a banana milkshake with a banana blended in, unmixed banana syrup at the bottom, a swirl of canned whipped cream on the top, and a flimsy straw that was far too small we thought, ""this really doesn't look good."" But then the food arrived, and the whole thing turned around. The mushrooms on toast were outstanding, and that's not an easy thing to say about mushrooms on toast which are often mundane. The bread was delicious sourdough. The mushrooms themselves were so flavourful, we don't even know how they did it. They came with a game-changing smear of pesto and a little balsamic reduction on the side which left us wondering why we aren't all eating our mushrooms this way. The big breakfast hadn't phoned it in. Herbed focaccia for the toast, the steaky bacon: perfectly crisped, two hash browns, mushrooms (unfortunately, not the same as on the other plate), and a cheesy sausage they had innovated split down the middle and cooked as two separate halves that had curled deliciously. It was even decoratively garnished with balsamic reduction and julienne vegetables. Our only complaint was slightly underdone eggs, which were supposed to come ""your way"" as per the menu, except they never asked and just came fried. Website",,,,,,,,,,,,,,,,,,,,,,,,,,,,,,,,,,,,,,,,,,,,,,,,,,,,,,,,,,,,,,,,,,
2021-02-27-ashhurst-inn.md,Reviews,post,Ashhurst Inn,2021-02-27,1,dinner,"81 York Street, Ashhurst 4810",New Zealand,TODO,TODO,TODO,"Man burger with chips Fish, chips, and salad The Ashhurst Inn has a very special place in our hearts. As Ashhurst residents, we are keen to support what is literally the only dine-in dinner establishment in the whole village, plus the Inn was the site of a very early date for Business Andy and The Fee-Rex. It pains us to say that this meal was bad, but it was bad, especially the burger. In fact, the man burger was tragic, it looked like the kind of disappointing burger that you make at home. While you're making it, you're so certain that it's going to be great, but then you realise that the patty is so dry that it's crumbling, the bun has been toasted way too long, there's not nearly enough sauce, the cheese isn't melted, you haven't put enough bacon in it, and the hash brown doesn't save it. The fish and chips wasn't as bad as the burger, with both key components being passable. The salad, however, was a disgrace. Every ingredient was flavourless and tossed in a gross oily sauce. Shout out to the homemade tartare sauce, although it's sad when the best part of two meals is tartare sauce. Website",,,,,,,,,,,,,,,,,,,,,,,,,,,,,,,,,,,,,,,,,,,,,,,,,,,,,,,,,,,,,,,,,,
2021-03-06-burger-king.md,Reviews,post,Burger King,2021-03-06,1,dinner,"935 Dominion Road, Mount Roskill, Auckland 1041",New Zealand,TODO,TODO,http://www.burgerking.co.nz/,"We ate dinner here in March 2021 Rodeo burger regular combo with a banana shake Streaky bacon steakhouse regular combo with L&P We knew we were off to a bad start when we arrived and saw seven (7!) people waiting for their food. Some of them probably had their food already, but had frozen solid and were unable to leave. We can only assume The King turns the temperature down that low to discourage youths from loitering in his fine establishment on a Friday night. Although they asked if we would be dining in at their wobbly, sticky tables, they still just gave us our meal in a takeaway bag anyway, making us feel even more unwelcome. To make matters worse, the food was awful. If the Burger King was alive to eat these burgers, he would have rolled over in his grave. For both burgers, the sauce did a lot of heavy lifting, attempting to moisten each mouthful and also disguise the other flavours. The rodeo burger was a little better than the streaky bacon steakhouse, which was a bit sad considering that the steakhouse burger is supposed to be from their premium range. It was anything but. The bun was stale, the distribution of ingredients was patchy, and when you got a taste of the meat without sauce, you wished that you hadn't. The chips were hot and fresh at least, but both drinks were bad in their own ways. The L&P was watery, and the banana shake tasted like depleted uranium. Business Andy actually used to work at a Burger King a long time ago, and this was every bit as bad as he remembers. Website",,,,,,,,,,,,,,,,,,,,,,,,,,,,,,,,,,,,,,,,,,,,,,,,,,,,,,,,,,,,,,,,,,
2021-03-06-coffee-on-the-terrace.md,Reviews,post,Coffee On The Terrace,2021-03-06,1,lunch,"361 Broadway Avenue, Terrace End, Roslyn, Palmerston North 4414",New Zealand,TODO,TODO,TODO,"Rating: 1 We ate lunch here in March 2021 Sweet chilli chicken calzone Vegetarian stuffed potato Banana smoothie Coffee on the Terrace advertises that they are open until 2:30pm on a Saturday. So you can colour us surprised when we arrived at 1:10 to find the kitchen closed, and a member of staff bringing in the sign from the footpath. Luckily, cabinet food was still available. Unluckily, we ordered the calzone. Jesus it was bad, bready, dry, and flavourless. It wasn't even really a calzone, do they even know what a calzone is? The potato was far better, but it's hard not to be. The vegetables other than potato were nondescript. If you were wearing a blindfold while eating this and were asked what vegetables were in there, your answer would have been just potato. At least it was hot all the way through. The banana smoothie obviously had some banana syrup in it as well as a real banana. Not awful but not good either. Website",,,,,,,,,,,,,,,,,,,,,,,,,,,,,,,,,,,,,,,,,,,,,,,,,,,,,,,,,,,,,,,,,,
2021-03-15-long-black-cafe.md,Reviews,post,Long Black Cafe,2021-03-15,2,lunch,"585 Waitomo Caves Road, Otorohanga 3977",New Zealand,TODO,TODO,TODO,"We ate lunch here in March 2021 Banana smoothie Cheese and pineapple toasted sandwich Beef burger with chips A good toastie is a thing of true beauty, however too many cafes have the toasted sandwich as a throwaway, easy addition to the menu for no other reason other than because they have the ingredients. Long Black Cafe falls into this category. They had at least done a grainy bread instead of a plain white sandwich loaf, but there was very little love put into this toastie. We're not saying this to single out Long Black Cafe, most toasties are like this, this frustration has been building for a while, and it's time to cry shame on anyone who does this to the toastie sandwich. Crushed pineapple should not be used in a toasted sandwich, it's too wet and it gives you a soggy inner bread surface. This toastie did have a good amount of cheese, and at least they cut it into triangles and not the dreaded and baleful rectangular slice. Our recommendation to cafes everywhere is to just not offer a toasted sandwich if you are going to treat it with this much contemptuous disrespect. The smoothie had quite a bit going for it, excellent texture and temperature, with a wide metal straw, it could have been a bit sweeter though. The burger was a let down for $20 in Woodville. These guys need to head down the road to Empire Sports Empire Sports & Garden Bar Restaurant to check out a burger that is 25% cheaper and 250% better. The bun was plain, the patty was of the dig-out-of-a-freezer-for-a-quick-Sunday-dinner variety, and the cheese was plastic. The salad in it was actually quite nice, and they had put it on the bottom bun, which is the proper way to construct a burger. Unfortunately, they decided to lubricate the patty on both sides with the melted sheet of plastic cheese on top and thick slices of slippery tomato on the bottom. As if to warn us of the trap that had been laid, the lid of the burger dismounted from the rest of it as the plate was put on our table. Website Please note the sign on the building says Long Black Cafe, but the website and menu both say Cafe 88",,,,,,,,,,,,,,,,,,,,,,,,,,,,,,,,,,,,,,,,,,,,,,,,,,,,,,,,,,,,,,,,,,
2021-03-20-focal-point-cinema-cafe.md,Reviews,post,Focal Point Cinema & Cafe,2021-03-20,2,lunch,"126 Heretaunga Street East, Hastings 4122",New Zealand,TODO,TODO,https://www.focalpointcinema.co.nz/,"We ate lunch here in March 2021 Beef nachos Roast vege filo with salad Liquorice allsort slice Focal Point Cafe is tidy and good looking, probably due to being less than a year old. Unless it's a hot day we recommend you do not sit near the door, which is the automatic sliding variety that opened and closed constantly letting in blasts of cold wind. Credit to Focal Point for serving something we'd never seen in a cafe cabinet before, the liquorice allsort slice. While this was very sweet, it was also yum and had a good sense of fun to it. The filo was good too, and while the salad initially seemed overdressed the dressing was very tasty so this was a welcome surprise. The nachos were unfortunate. The ratios were well off, with too much bland mince for the number of chips. The cheese was a solid layer on top making it impossible to dunk the nachos into the mince mixture. And it didn't even come with any cutlery, so clearly they were expecting us to eat hot fistfuls of mince with our bare hands once all the nachos were gone. Website",,,,,,,,,,,,,,,,,,,,,,,,,,,,,,,,,,,,,,,,,,,,,,,,,,,,,,,,,,,,,,,,,,
2021-03-26-tasty-restaurant.md,Reviews,post,Tasty Restaurant,2021-03-26,1,dinner,"700 Main Street, Palmerston North Central, Palmerston North 4414",New Zealand,TODO,TODO,https://www.facebook.com/tastyPN?mibextid=LQQJ4d,"We ate dinner here in March 2021 Sweet and sour pork Lemon chicken Rice Tasty Restaurant has a very authentic looking menu, but tonight we chose to go with a couple of honky classics which are generally a safe bet. We were wrong. The lemon chicken was ferociously sweet and yellow, and definitely void of any actual lemons. Rather than doing pieces of fried chicken, they'd gone for the vastly inferior giant slabs of chicken deep fried, then sliced, with sauce poured all over. The sweet and sour pork was a little better, at least they did little pieces of pork instead of half a pig sliced up. The pineapple was tasteless and the sauce has this unpleasant tang. Maybe we'd have been better off ordering the spicy duck blood with omasum instead of trying to play it safe. Website",,,,,,,,,,,,,,,,,,,,,,,,,,,,,,,,,,,,,,,,,,,,,,,,,,,,,,,,,,,,,,,,,,
2021-04-05-burgerfuel.md,Reviews,post,Burgerfuel,2021-04-05,3,lunch,"Shop 3/754 Manukau Road, Royal Oak, Auckland 1023",New Zealand,TODO,TODO,https://www.burgerfuel.com/nz,"We ate lunch here in March 2021 Bacon backfire burger: grilled chicken, brie, bacon, lettuce, red onion, tomato Low rider burger: crispy fried chicken, caramelised onion, cheese, lettuce, red onion, tomato There's not much to say about Burgerfuel. It's among the better burger places, we certainly would choose it over Burger King, no disrespect to the King himself. The burgers were both flavourful and well constructed, although both came with tomato after we asked for none. Shout out to the Doofer, it must be aggressively trademarked otherwise everyone would be copying it. Website",,,,,,,,,,,,,,,,,,,,,,,,,,,,,,,,,,,,,,,,,,,,,,,,,,,,,,,,,,,,,,,,,,
2021-04-05-thai-chef-s-restaurant.md,Reviews,post,Thai Chef's Restaurant,2021-04-05,1,dinner,"1 Blair Street, Te Aro, Wellington 6011",New Zealand,TODO,TODO,https://wellington.thaichef.co.nz/,"We ate dinner here in March 2021 Massaman curry with braised beef Lemon honey stir fry with crispy fried fish Rice Roti Sigh. This meal was bad. The cocktails came first, and they were sickly. They were too sweet even for the Fee-Rex, and that's saying something. Next came the fish, no other dishes appeared. The fish was not delish. The fillets themselves appeared to be cheap crumbed hoki pieces from the nearby New World's frozen section. Also from the frozen section was Home Brand mixed vegetable, carrot, corn, and peas topped up with a some unwelcome tomato and additional carrot. The only good bit was the pineapple where they had rightly used big chunks instead of little pieces. There was such a lengthy wait before anything else showed up that we had almost finished the fish, not that we wanted to. Then came the massaman curry, which didn't taste like much other than sugar and almost comically dry beef. We were at least looking forward to the roti which we were hoping would be a reliable option. But somehow they even managed to ruin roti. It was unevenly cooked, tasted like it had been found under a couch, and they had even failed to cut it all the way through. If for some reason you want to visit Thai Chef's Restaurant, bookings are highly recommended because they were inexplicably packed. Website",,,,,,,,,,,,,,,,,,,,,,,,,,,,,,,,,,,,,,,,,,,,,,,,,,,,,,,,,,,,,,,,,,
2021-04-10-wendy-s-hamburgers.md,Reviews,post,Wendy's Hamburgers,2021-04-10,2,lunch,"120 Hereford Street, Christchurch Central City, Christchurch 8011",New Zealand,TODO,TODO,http://www.wendys.co.nz/,"We ate lunch here in April 2021 1/4 lb beef burger regular meal Chicken pretzel pub burger This meal was a real mix of fresh highs and cheesy lows. The beef burger was very good, fresh ingredients, and a great ratio of bun:salad:sauce:meat. The fries were fresh, crispy, thicccccc, and neither over nor under salted. They had a pump your own sauce station, which was a great throwback to the 90's, and the L&P was not watered down. The chicken burger was a tragedy. The culprit: a foul beer cheese sauce, which tasted like neither beer nor cheese. The burger was sopping with it, completely obscuring all other flavours. It is hard to believe that anybody would enjoy that sauce, and nobody would enjoy that quantity of it. The pretzel pub range is for a limited time only, thankfully. Website",,,,,,,,,,,,,,,,,,,,,,,,,,,,,,,,,,,,,,,,,,,,,,,,,,,,,,,,,,,,,,,,,,
2021-04-16-cheltenham-hotel.md,Reviews,post,Cheltenham Hotel,2021-04-16,2,dinner,"1469 Kimbolton Road, Feilding 4777",New Zealand,TODO,TODO,http://www.cheltenhamhotel.co.nz/,"We ate dinner here in April 2021 Nachos with beef mince Fish, chips, & salad The Cheltenham Hotel (the Chelty, as it is affectionately known by its loyal clientele) is a warm and inviting country pub, complete with a border collie sleeping on an old three piece suite, locals who get their own drinks, and a handle club that meets every Thursday. The food was okay to okay+. The nachos were a bit bland, however they were crisp all the way down, finally someone worked out that you shouldn't be making them all soggy by dumping mince on top. In a surprise twist, the fish was panko crumbed but was unfortunately a bit fishy and processed. The chips were crisp with a tasty herbed salt, and the salad showed some effort had been made, including the addition of a cherry tomato and a slice of beetroot. Website",,,,,,,,,,,,,,,,,,,,,,,,,,,,,,,,,,,,,,,,,,,,,,,,,,,,,,,,,,,,,,,,,,
2021-04-17-gold-kebabs.md,Reviews,post,Gold Kebabs,2021-04-17,2,lunch,"92 Manchester Street, Feilding 4702",New Zealand,TODO,TODO,TODO,"We ate lunch here in April 2021 Lamb iskender with satay sauce, hummus, and garlic aioli Falafel and eggplant doner with mild chilli sauce and garlic yoghurt We appear to have walked into a couple breaking up. The waitress and the cook at Gold Kebabs didn't exchange a single word the whole time we were there. Their awkwardness permeated through the whole restaurant and we were pleased to leave. Fortunately the iskender was good, unfortunately the doner wasn't. Apart from the frigid atmosphere and the odd little leather pouch that the cutlery came in, this was pretty standard Turkish fare. Gold Kebabs have no website or Facebook, but here is a Restaurant Guru listing.",,,,,,,,,,,,,,,,,,,,,,,,,,,,,,,,,,,,,,,,,,,,,,,,,,,,,,,,,,,,,,,,,,
2021-04-23-indian-love-story.md,Reviews,post,Indian Love Story,2021-04-23,2,dinner,"7A/358 Albert Street, Hokowhitu, Palmerston North 4410",New Zealand,TODO,TODO,http://www.indianlovestory.nz/,"We ate dinner here in April 2021 Beef ishtew Paneer butter masala Rice Plain naan Indian Love Story is blingin'. Chandeliers, gold trim on everything, glitter in the red and gold textured wallpaper, sparkling glittery storage boxes covering one wall. The waitress may have been blinded by this, as she didn't seem to notice things like us waiting to order, or plates sitting on tables. We are being a little unfair here, as there was clearly too much work for a single waitress. Both curries were very sweet. While the paneer butter masala did say 'sweet' in the description, this was above and beyond. The sugar hit in the ishtew was dominant, unexpected and unwelcome. The beef was chewy, stringy and overdone in that unfortunate way we've all had from curries before. The paneer was nice, as were the naans. Website",,,,,,,,,,,,,,,,,,,,,,,,,,,,,,,,,,,,,,,,,,,,,,,,,,,,,,,,,,,,,,,,,,
2021-04-24-red-lantern.md,Reviews,post,Red Lantern,2021-04-24,1,lunch,"20 Domain Road, Papamoa Beach, Papamoa 3118",New Zealand,TODO,TODO,http://www.lantern.nz/,"We ate lunch here in April 2021 Smorgasbord: pork wontons, steamed brocolli, vegetarian spring rolls, vegetarian samosas, fried noodles, sweet & sour pork, black bean pork, egg foo yong, prawn crackers If you find yourself needing to eat at The Plaza food court, we do not recommend Red Lantern. The steamed broccoli was the only item that wasn't bad, and this was probably only because we saw them bring it out fresh in front of us. The low points were numerous and deep, with joint honours going to the spring rolls and the fried noodles, which were cold. Just because you are a food court Chinese smorgasbord does not excuse the blatant lack of effort and care shown at Red Lantern. If you choose to subject yourself to Red Lantern, make sure you order a drink or you will suffer the icy cold displeasure of the counter staff. Red Lantern does not have a website but here is their listing in The Plaza directory",,,,,,,,,,,,,,,,,,,,,,,,,,,,,,,,,,,,,,,,,,,,,,,,,,,,,,,,,,,,,,,,,,
2021-04-30-bangkok-thai.md,Reviews,post,Bangkok Thai,2021-04-30,2,dinner,"438 New North Road, Kingsland, Auckland 1021",New Zealand,TODO,TODO,http://atbangkok.nz/,"We ate dinner here in April 2021 Vegetarian pad thai Red curry roast duck with rice and roti Bangkok Thai is very ordinary. The most notable features were the giant pink plush hippo lounging at one of the tables, and the larger than average serve of roti. This is a short review, the food was acceptable. Website",,,,,,,,,,,,,,,,,,,,,,,,,,,,,,,,,,,,,,,,,,,,,,,,,,,,,,,,,,,,,,,,,,
2021-05-02-shamiana.md,Reviews,post,Shamiana,2021-05-02,2,lunch,"4 Nixon Road, Auckland Airport, Auckland 2022",New Zealand,TODO,TODO,TODO,"We ate lunch here in May 2021 Butter chicken with rice and garlic naan Mango chicken with rice and plain naan Shamiana serves quintessential food court Indian food. All your favourites were there, including the combo for a curry, rice, naan and can of coke. Dishes were mild and very sweet. The naans were fresh, which is not a given at the food court. However, given the way Shamiana were stacking the naans high and not rotating them, our naan freshness was more luck than good food management. Tables were at a premium, or at least they were at lunchtime on a Saturday. This holds for any Plaza food court establishments, and is not specifically a concern at Shamiana. There was not quite enough of the mango sauce for the portion of rice provided. They only had one bowl left when we got there, so the butter chicken came in a takeaway container which was slightly larger and there was enough of that sauce. So giving out enough sauce to properly saturate your rice isn't an issue, they just choose not to do it. Shamiana does not have a website but here is their listing in The Plaza directory",,,,,,,,,,,,,,,,,,,,,,,,,,,,,,,,,,,,,,,,,,,,,,,,,,,,,,,,,,,,,,,,,,
2021-05-03-essence-cafe-bar.md,Reviews,post,Essence Cafe & Bar,2021-05-03,3,dinner,"46 Manchester Street, Feilding 4702",New Zealand,TODO,TODO,https://essencecafefeilding.co.nz/,"We ate dinner here in May 2021 Apple and mint arancini with salad and tandoori mayo Fettuccine with sundried tomato and spinach Lamb shank with potato mash and green beans Essence was delightfully unpolished, it's a little bit fancy but not quite pulling it off in an endearing way. The menu was actually quite good, they push the boat out a little and have a few really interesting dishes, but they stop short of really pushing the envelope. They know that some Feilding locals want to have something a bit special, but others just want to have a burger. The arancini stood out with a unique flavour combination which worked really well. This was on their specials menu but it was so good that it should be a full time offering. The fettuccine was nice but had too much onion. And the shank was a little dry but came with a delicious jus. Website",,,,,,,,,,,,,,,,,,,,,,,,,,,,,,,,,,,,,,,,,,,,,,,,,,,,,,,,,,,,,,,,,,
2021-05-07-viva-cafe-bar.md,Reviews,post,Viva Cafe & Bar,2021-05-07,2,dinner,"21 Rangitikei Street, City Center, Palmerston North 4410",New Zealand,TODO,TODO,TODO,"We ate dinner here in May 2021 Lamb moussaka with salad, rice, and Turkish bread Chicken breast stuffed with mushroom, topped with bÃ©chamel sauce with salad, rice, and Turkish bread We'll start with the things that we could agree on. It was odd that both meals, although they appeared different in the menu, were almost identical. Two thirds of each plate was exactly the same. The rice was nice. And overall, the joint was a bit cold, with a nearby door letting in frequent icy blasts. We were divided on the rest. Review 1: When it first came over, I had a strong whiff of French toast. I've never had that before when someone brought over my evening meal, and I really thought someone nearby was having breakfast for dinner. The sauce was the source of the odour. For some reason the bÃ©chamel was unnaturally sweet and nutmeg-ey. On top of ruining the chicken, I was displeased to find that the sauce had contaminated other elements of the meal. The salad itself was acceptable, classic, Turkish style salad, like what I'd expect to get with an iskender. While not offensive in and of itself, it was bizarre to combine with the stuffed chicken breast. I don't have such a strong opinion about the moussaka. The lamb was fine, however the veggies were an indistinguishable mush. Review 2: I thought the chicken was an unusual thing to pair with your classic Turkish salads. Particularly incongruous was the raw cucumber next to a hot stuffed chicken breast. However once the cucumber and tomato were out of the way, the salad turned out to be great. The chicken breast was pretty nice, and the sauce really didn't deserve to get ripped a new one like it just did in the other review. The salad and co. paired very well with the moussaka which was absolutely delicious. It was savoury and hearty, and was just what the doctor ordered on a chilly night. Honestly I could have eaten that moussaka all over again as soon as I'd finished. Website",,,,,,,,,,,,,,,,,,,,,,,,,,,,,,,,,,,,,,,,,,,,,,,,,,,,,,,,,,,,,,,,,,
2021-05-08-columbus-cafe.md,Reviews,post,Columbus Cafe,2021-05-08,1,lunch,"396 Prestons Road, Marshland, Christchurch 8083",New Zealand,TODO,TODO,https://www.columbuscoffee.co.nz/,"Rating: 1 We ate lunch here in May 2021 Corn fritters with bacon and egg added Vegetable stack What is up with the popularity of Columbus Coffee? This chain of mediocre cafes has been around for more than 25 years, and they are everywhere. We have two in Palmerston North alone, and this particular cafe was doing a steady trade. This makes no sense, as the food here is on the bad side of middle-of-the-road, and the prices are exorbitant. We paid more than $50 for two meals and one ginger beer. That almost buys a house in Palmerston North! Worst of all, the menu is littered with predatory recommendations for add-ons. We foolishly decided to take these up, adding bacon and egg to the corn fritters. No price for the add-ons is obvious in the menu. We were shocked to find that they were charging $5 for two sad pieces of bacon, and $4.50 for a single egg. Why would anybody eat here when you could have better food for cheaper at Trio Cafe? The vegetable stack featured a very dry pumpkin rosti, under-cooked haloumi, and some ""salsa"" that was mostly corn kernels and looked absolutely nothing like the picture in the menu. The fritters were doughy, heavy on the fritter and light on the corn. Website",,,,,,,,,,,,,,,,,,,,,,,,,,,,,,,,,,,,,,,,,,,,,,,,,,,,,,,,,,,,,,,,,,
2021-05-14-gengy-s-mongolian-bbq-buffet.md,Reviews,post,Gengy's Mongolian BBQ Buffet,2021-05-14,2,dinner,"109 Devon Street East, New Plymouth Central, New Plymouth 4310",New Zealand,TODO,TODO,http://www.gengys.co.nz/,"We ate dinner here in May 2021 Buffet-style meals We were really looking forward to a walk down memory lane at Gengy's. Last time either of us ate here we were both starving students trying to eat all we could and walk out with spring rolls in our pockets. The prices today reflect this proud history. It's a bargain if you absolutely stuff your face, but for the more restrained diner, or really for anyone who doesn't want to pop like Mr Creosote, the pricing is a bit on the steep side. We estimate $25 at most would be a fair price for what we ate, Gengy's charges $33.99, not $34.00, but just one easy payment of $33.99. For this low, low price, you get to enjoy a buffet style meal with a twist. On top of a standard buffet featuring cold fish bites, cold onion rings, cold spring rolls, and cold chicken nuggets, you can fill a bowl with your choice of raw meat, vegetables, oil, and sauce to be cooked while you wait on a giant ring shaped hot plate. The meat was was as cheap and nasty as it comes, with all the gristle to match but they did have a good variety of fresh vegetables. They had plenty of sauces, oils, and topping bits, allowing many different flavour combinations. But wait, there's more. All-you-can-eat, made-to-order pancakes, plus a dessert bar with cheap ice cream, five sauces, sprinkles, nuts, jelly, fruit, whipped cream, and butter. Top tip: Gengy suggests having peanuts or butter or maple flavoured sauce on a pancake, we discovered that all three together is absolutely delicious. Even though the food isn't particularly good, that's not why you eat here, it's fun to eat at Gengy's. Bookings recommended. Website",,,,,,,,,,,,,,,,,,,,,,,,,,,,,,,,,,,,,,,,,,,,,,,,,,,,,,,,,,,,,,,,,,
2021-05-15-the-bees-knees-cafe.md,Reviews,post,The Bees Knees Cafe,2021-05-15,1,lunch,"352 Albert Street, Hokowhitu, Palmerston North 4410",New Zealand,TODO,TODO,https://www.facebook.com/profile.php?id=61578904977716&mibextid=rS40aB7S9Ucbxw6v,"We ate lunch here in May 2021 Macaroni cheese Beef nachos Banana smoothie The Bees Knees has a real fussy old lady vibe. Not a surface is wasted, with old fashioned teacups cluttered amongst preserves, packaged homemade biscuits and greeting cards for sale. This is a small cafe with tiny tables crammed close together, it's honestly a bit claustrophobic. The food was a disappointment. The macaroni cheese was incredibly bland, consisting only of a basic white sauce with macaroni in it and cheese on top. Perhaps their kitchen was too cluttered with granny junk for them to locate their salt, pepper, mustard, paprika, or anything else that might have made this meal not taste like pasty nothing. The nachos were no better, with watery mince and not enough cheese. The meals were small, which we were grateful of given the taste. They were at least affordably priced. In a surprising twist, the banana smoothie was the best we've had in some time. Website",,,,,,,,,,,,,,,,,,,,,,,,,,,,,,,,,,,,,,,,,,,,,,,,,,,,,,,,,,,,,,,,,,
2021-05-21-indian2nite.md,Reviews,post,Indian2nite,2021-05-21,1,dinner,"22 George Street, Palmerston North Central, Palmerston North 4410",New Zealand,TODO,TODO,https://www.indian2niterestaurant.co.nz/,"We ate dinner here in May 2021 Malai kofta Paneer makhani Plain naan Cheese & garlic naan We're just going to say it, one of these curries wasn't a curry at all. The paneer makhani was clearly a can of tomato soup mixed with sugar and some leftover butter chicken sauce. It was very thin and the paneer was rubbery, dry, and highly cuboid; clearly store bought. It was at least cheap, but cheap food doesn't have to suck. The malai kofta was a bit better, and they didn't skimp on the koftas either. In addition to cooking some pretty questionable curries, Indian2nite also tried to hoodwink us in the naan department. Cheddar is a pretty flavourful variety of cheese, and if you replace it with something else, people are going to notice. Don't bait us with cheddar cheese in the menu, then switch out the cheese in the naan with stringy and flavourless mozzarella. The nerve. The plain naan was as advertised at least, plain and serviceable. Website",,,,,,,,,,,,,,,,,,,,,,,,,,,,,,,,,,,,,,,,,,,,,,,,,,,,,,,,,,,,,,,,,,
2021-05-22-cafe-116.md,Reviews,post,Cafe 116,2021-05-22,3,lunch,"91 Milson Line, Milson, Palmerston North 4410",New Zealand,TODO,TODO,TODO,"We ate lunch here in May 2021 Beef nachos Hash stack Banana smoothie Cafe 116 is better than their old-fashioned, designed-on-Windows-Publisher-'95 signage would suggest. We drive past this place regularly and always figured it was a real dive. It is tucked away next to a dirt bike & jetski shop and just looks a bit sad from the outside. So you can colour us surprised to find that the inside was large and airy with high ceilings and a cosy fire burning. The menu was standard cafe fare, but done relatively well. The nachos had made some effort to double-layer their cheese (cheese on top plus a second layer of melted cheese half way down) which was appreciated. The mince was on the flavourless side but there was plenty of sour cream. The menu did state ""smashed avocado"" on top of the nachos, when actually there were just two small avocado slices. The hash brown stack was tasty, with the right ratios of hash to bacon to mushroom plus a perfectly cooked egg and some welcome pesto and balsamic. The banana smoothie caused some debate, with Business Andy making the accusation that it contained banana syrup (as well as real banana), while the Fee-Rex was not so sure. Flavouring issues aside, the smoothie had the correct texture and coldness. Website",,,,,,,,,,,,,,,,,,,,,,,,,,,,,,,,,,,,,,,,,,,,,,,,,,,,,,,,,,,,,,,,,,
2021-05-28-angkor.md,Reviews,post,Angkor,2021-05-28,2,dinner,"4 Coleman Place, Palmerston North Central, Palmerston North 4410",New Zealand,TODO,TODO,https://www.angkor.co.nz/,"We ate dinner here in May 2021 Singapore steak Vegetarian laksa In many ways, Angkor is quite unremarkable. But it is remarkably popular, in fact, we've been turned away without a reservation more than once. The Singapore steak was very large, very sweet, and the large pieces of meat were mostly good quality with just a few chewy bits. The laksa was richly flavoured, and like the Singapore steak was a large meal. Speaking of large, the vegetables in the laksa were very large, and frankly it was a problem. Not only was no knife provided, but the cutting surface was a bowl of soup, even if a knife had been provided, it still would have been difficult. Don't only partially cut up the vegetables into pieces that have to be bitten off a fork in several mouthfuls. Bookings essential. Website",,,,,,,,,,,,,,,,,,,,,,,,,,,,,,,,,,,,,,,,,,,,,,,,,,,,,,,,,,,,,,,,,,
2021-05-29-kabbaba.md,Reviews,post,Kabbaba,2021-05-29,2,lunch,"Kabbaba, Food Court, Plaza Shopping Centre, 84 The Square, Manawatu, Palmerston North 4410",New Zealand,TODO,TODO,TODO,"We ate lunch here in May 2021 Lamb iskender with sweet chilli, hummus, and mayonnaise Lamb doner with hot chilli, satay, and yoghurt How dare you charge extra for satay sauce and garlic aioli? These are standard kebab sauces and should carry no extra charge over any of the other sauces. News flash, garlic aioli is basically just mayo. Maybe this was the source of the three customer complaints that we witnessed in the short time we were there, or maybe it was the absurdly long wait between ordering and eating. To be fair, the Plaza was positively heaving with people on the day we were there, so they were perhaps a lot busier than they expected. The food itself was acceptable. The doner was just the right size to actually fit in your mouth, and consequently was the right size for lunch. In contrast, the iskender was enormous, no Turkish bread came with it though. So aside from the busy food court setting, the angry customers, and the expensive sauces, Kabbaba just blends into the background hum of every other ordinary Turkish establishment. Website",,,,,,,,,,,,,,,,,,,,,,,,,,,,,,,,,,,,,,,,,,,,,,,,,,,,,,,,,,,,,,,,,,
2021-06-01-rosie-o-grady-s.md,Reviews,post,Rosie O'Grady's Irish Pub,2021-06-01,3,dinner,"201 Karamu Road North, Hastings 4122",New Zealand,TODO,TODO,http://rosieogradys.co.nz/,"We ate dinner here in June 2021 Lamb pot pie with garlic bread ""Mor burger"" (double beef) with chips Rosie O'Grady's is a typical Irish pub, cosy fires, walls covered in Irish paraphernalia, Guinness on tap, and offering typical Irish pub fare. The meals were basic but done well. The pot pie was very hearty, no gristly bits or unpleasant surprises in the stew with a crispy pastry top and nice thin garlic bread. The burger was pretty full on, with two large patties and was too big to be eaten with hands. It came with a couple of homemade beer battered onion rings that were much appreciated. Website",,,,,,,,,,,,,,,,,,,,,,,,,,,,,,,,,,,,,,,,,,,,,,,,,,,,,,,,,,,,,,,,,,
2021-06-06-bing-house.md,Reviews,post,Bing House,2021-06-06,1,TODO,"84 Fitzherbert Avenue, Palmerston North Central, Palmerston North 4410",New Zealand,TODO,TODO,http://www.facebook.com/binghousePN,"We at lunch here in June 2021 BBQ pork pancake Beef & cheese bao bun Eugh. This meal sucked, and they messed up our order to boot. The bao bun was the most offensive. The bun itself was doughy and sweet, the ""cheese"" was in fact a cheese sauce that didn't resemble cheese in any way, and the beef was as chewy and dry as an old boot. The pancake was like a kebab, with a thin and delicate egg pancake on the outside instead of a wrap, however the pancake tore and spilled its contents everywhere. It didn't help that it was wrapped haphazardly in baking paper, just tearing a bit of the paper off caused the thin pancake to practically disintegrate. There's a Turkish joint not three doors down where they have solved this issue, the answer is foil. The filling was alright, with some crispy bits of pork crackling thrown in to add an interesting texture, however it was intensely salty. We barely finished this meal, looking down at the last bite of the bao bun was like looking into the black abyss of your own mortality. Website",,,,,,,,,,,,,,,,,,,,,,,,,,,,,,,,,,,,,,,,,,,,,,,,,,,,,,,,,,,,,,,,,,
2021-06-11-jimmy-cook-s-kiwi-kitchen.md,Reviews,post,Jimmy Cook's Kiwi Kitchen,2021-06-11,2,dinner,"150 Anzac Avenue, Auckland CBD, Auckland 1010",New Zealand,TODO,TODO,https://www.millenniumhotels.com/en/auckland/copthorne-hotel-auckland-city/jimmy-cooks-kiwi-kitchen-and-bar/?cid=gplace-jimmy-cooks-kiwi-kitchen-copthorne-auckland-city,"We ate dinner here in June 2021 Chicken burger and chips Grilled vegetable and haloumi stack Jimmy Cook's has fallen into the classic hotel restaurant trap of thinking that if you put truffle oil in a couple of things and charge like a wounded bull, then you're automatically a fancy joint. In reality, the decor was dated, the furniture cheap, the service clumsy, and the food decidedly meh. Our waiter was personable and friendly, our orders were taken promptly, and food came out fast. However, they also forgot to bring us a wine list, and when we asked our waiter what vegetables came in the stack he was clearly guessing, and only got one guess out of three right. Two if you count haloumi as a vegetable. Speaking of the vegetable stack, this was a horrendous rip off. The meal was tiny, which wasn't a problem in and of itself, and we were warned that it was a small meal, but $25 for a sad and minuscule grilled veggie salad featuring some haloumi is outrageous. This was in no way a stack, the highest point was about 3cm off the plate, it looked like it had fallen over. It did taste okay at least. In contrast, the burger was huge, yet inexplicably was listed alongside the haloumi ""stack"" as a small meal. It was notably missing the beer battered onion rings that were mentioned in the menu, however we're not really that upset that they didn't show up as the table next door had what was clearly crumbed onion rings with their chicken burger. The type that comes with no guarantee of actual onion on the inside. They had also done a sneaky switcheroo on the advertised tomato sauce which was very obviously BBQ sauce. The burger itself was merely okay, the ingredients were cheap and not particularly well prepared. A note on reservations. When we first tried to eat at Jimmy Cook's we were turned away as they were fully booked. This would normally mean we advise booking, however trying to book dinner at Jimmy Cook's involved so much waiting on the phone and so many transfers that we can hardly recommend it. Just show up and try your luck, and if they are full, then that's probably for the best anyway.",,,,,,,,,,,,,,,,,,,,,,,,,,,,,,,,,,,,,,,,,,,,,,,,,,,,,,,,,,,,,,,,,,
2021-06-12-cyclista.md,Reviews,post,Cyclista,2021-06-12,2,lunch,"54 George Street, Palmerston North Central, Palmerston North 4410",New Zealand,TODO,TODO,https://www.facebook.com/cyclistaespressobar/,"We ate lunch here in June 2021 Cheese scone with avocado, cream cheese, and relish Pastrami bagel with alfalfa sprouts, cheese, and cream cheese Apple and ginger muffin Decaf Americano Cyclista is an espresso bar first and an eatery a distant second. The food selection is minimal and limited to a few baked goods and whatever can be prepared in a microwave or toaster. The fact that there was just one guy rostered on a Saturday for the lunch rush is further evidence that they don't plan to sell a lot of food. That said, neither our food nor our coffee took long to arrive, so props to that one guy. The scone was fairly flavourless, but inoffensive otherwise and the pastrami bagel was okay. The muffin was too dense and too wet, as can happen with apple muffins. The coffee was pretty good, it's really why you'd go to Cyclista in the first place. Website",,,,,,,,,,,,,,,,,,,,,,,,,,,,,,,,,,,,,,,,,,,,,,,,,,,,,,,,,,,,,,,,,,
2021-06-18-lina-s.md,Reviews,post,Lina's,2021-06-18,1,dinner,"2202 Centre St NE, Calgary, AB T2E 2T5, Canada",New Zealand,TODO,TODO,http://linasmarket.com/,"We ate dinner here in June 2021 Lamb satay with rice cubes Beef rendang curry with rice and salad Prediction: Lina's will close by the end of the year. This place is awful, and the lamb satay is one of the worst meals that we've reviewed. The ambiance was depressing. Everything was very obviously cheap, there were four different kinds of chairs in the restaurant, some of which inexplicably still had the plastic on them. The ambient music was a tinny radio in the kitchen, the plants were all plastic, and the place was echoingly deserted. Despite being open for a couple of months, the drinks fridge was completely empty, and drinks were not mentioned by our waitress at all. The beef rendang curry that showed up was very different to the beef rendang curry that we were expecting, it was pretty much just slow cooked beef in meat juice. That said, it was actually okay, the salad on the side was clearly a bit of an afterthought, but this meal was head and shoulders above the satay. The satay was listed as a ""Chef's Special"" in the menu. We fail to see what is so special about skewers of extremely chewy lamb accompanied by a watery-with-chunks peanut sauce and giant bits of raw red onion. We suppose that you could call the rice cubes ""special,"" we've certainly never had anything like it before. It was cold (fridge cold, not room temperature cold) gelatinous roughly cut blocks of rice. And it was disgusting. We were pretty bummed out by the time we finished, but Lina still had one more surprise up her sleeve. As we were wiping our faces, desperate to ensure that we didn't leave any satay residue for later, we noticed the serviettes were branded. With Anyavee, the last restaurant that died here. At this rate the next restaurant to occupy this cursed address will probably still have some of Anyavee's serviettes leftover to use. Lina's has no website",,,,,,,,,,,,,,,,,,,,,,,,,,,,,,,,,,,,,,,,,,,,,,,,,,,,,,,,,,,,,,,,,,
2021-06-19-la-bakery-and-c.md,Reviews,post,LA Bakery & Coffee Lounge,2021-06-19,1,lunch,"325 Broadway Avenue, Palmerston North Central, Palmerston North 4414",New Zealand,TODO,TODO,TODO,"Rating: 1 We ate lunch here in June 2021 Fish and chips Hash brown breakfast LA Bakery is a throwback to a time when almost everything had to come with chips. Lots of chips, and a fried egg on top. Both meals were huge and cheap. The hash brown breakfast involved hash browns, a massive deep fried sausage, streaky bacon, and two pieces of dollar loaf with a fried egg on each. A lot of food for $14.90, cost of ingredients: $4.10 by our estimation. The fish was so bad that we, card carrying members of the clean plates club, left more than half of it behind. It was probably caught some time last year, and had been battered in house by someone who had only heard a rough description of what battering was. The batter had split open in the cooking process exposing the fish directly to the oil with predictable results. Inedible. LA Bakery & Coffee Lounge has no website.",,,,,,,,,,,,,,,,,,,,,,,,,,,,,,,,,,,,,,,,,,,,,,,,,,,,,,,,,,,,,,,,,,
2021-06-20-la-patio.md,Reviews,post,La Patio Cafe & Bar,2021-06-20,3,dinner,"140 Fitzherbert Avenue, West End, Palmerston North 4410",New Zealand,TODO,TODO,https://www.distinctionhotelscoachman.co.nz/palmerston-north-restaurants/lapatio-cafe,"We ate dinner here in June 2021 Pulled duck burger with poutine Mongolian beef salad Holy duck, what a burger. It was extremely juicy, flavourful, and unusual. We didn't expect a middling hotel restaurant to push the boat out like this. The poutine was delicious, and it was so nice to have something that wasn't just chips and tomato sauce on the side. The salad was boring and frankly there was nothing Mongolian about it. It's a pity that the salad couldn't keep up with the burger, La Patio's rating was really dragged down by some dead Mongolian weight. When you visit La Patio, be sure to keep an ear out for their instrumental cover tracks, which ranged from Radiohead to Shawn Mendes, to The Beatles. Guessing what song was being covered was a fun challenge, not to brag, but we got them all except one.",,,,,,,,,,,,,,,,,,,,,,,,,,,,,,,,,,,,,,,,,,,,,,,,,,,,,,,,,,,,,,,,,,
2021-06-25-pompeii-pizza.md,Reviews,post,Pompeii Pizza,2021-06-25,2,dinner,"163 The Square, Palmerston North Central, Palmerston North 4410",New Zealand,TODO,TODO,http://www.pompeii.co.nz/,"We ate dinner here in June 2021 Centaur pizza Beef & bÃ©arnaise pizza Pompeii Pizza was a bit disappointing. The pizza bases had a store bought feel, even if they weren't. And on the whole, the ingredients were a bit bland and low quality. The beef on the beef and bÃ©arnaise pizza was the worst offender, it was as chewy as an old tyre, but the rest of the pizza wasn't much better. And it wouldn't kill you to cut up your tomatoes, nobody wants a slice of tomato that covers half the pizza. The centaur pizza might as well have been just a beetroot and balsalmic pizza because that's all you could actually taste. You could see the feta and you could feel the texture of the walnuts, but otherwise, they were undetectable. Website",,,,,,,,,,,,,,,,,,,,,,,,,,,,,,,,,,,,,,,,,,,,,,,,,,,,,,,,,,,,,,,,,,
2021-06-26-robert-harris-cafe.md,Reviews,post,Robert Harris Cafe,2021-06-26,3,lunch,"3 Vernon Drive, Lincoln 7674",New Zealand,TODO,TODO,https://robertharris.co.nz/your-local-cafe/robert-harris-lincoln/,"We ate lunch here in June 2021 Keto toasted sandwich Polenta, haloumi, and vegetable stack Carrot cake Banana smoothie Mocha This is not the Robert Harris that you remember from 90's trips to get a pie and ham sandwich with grandma. While they were established in 1952, they have really moved with the times, and are now offering a good looking selection of both cabinet and cooked food. The stack was nearing perfection, had the tomatoes been cherry tomatoes instead of giant chunks of grilled tomato, it might have even been perfect. Roast kumara and pumpkin on the side was inspired and delicious, especially with their red pesto. It was a good high stack (check yourself, Jimmy Cooks) and it looked great on the plate. The keto sandwich was made from nice, fresh ingredients, no criticism there, but the cake was a bit of a letdown. The icing was overpoweringly sweet and the cake itself was a little flavourless. Classic cream cheese icing would have been a huge upgrade. The banana smoothie was also flavourless but did have the right texture and temperature. The mocha was clearly made with nice coffee, but was very sweet and - serious points deducted here - had no marshmallows on the side. The whole thing was a slick operation, the interior was clean and modern, the wait staff was very friendly and attentive, and despite being busy the service was fast. Nice one, Robert. Website s",,,,,,,,,,,,,,,,,,,,,,,,,,,,,,,,,,,,,,,,,,,,,,,,,,,,,,,,,,,,,,,,,,
2021-07-02-asia-restaurant.md,Reviews,post,Asia Restaurant,2021-07-02,2,dinner,"63/286 Mount Wellington Highway, Mount Wellington, Auckland 1060",New Zealand,TODO,TODO,https://www.masterkongsylviapark.co.nz/,"UPDATE: Both the Fee-Rex and Business Andy experienced some moderate digestive symptoms within 4 hours of dining at Asia Restaurant. We're not certain that dinner was the cause, so we have not changed their rating, but it still bears mentioning. We ate dinner here in July 2021 Sweet and sour fish with chips and vegetables Roast pork and vegetable curry on rice Glass of milk Asia Restaurant came from the 70's, and they don't make them like this anymore. There are several things that you need to know if you are going to eat at Asia Restaurant. You will not be given water with your meal You will be given two slices of dollar loaf buttered with table spread per person There is no bathroom Everybody eating there except you will be a regular. They will call the hostess by name, and will walk freely in and out of the kitchen Cash only When it's time to pay, you'll need to poke your head into the kitchen to collect the bill. Don't be intimidated by the ""Staff"" sign on the door, that's just a practical joke for first timers The place is a little run down to say the least, and is honestly a little unwelcoming at first glance. But the food wasn't bad and the service was friendly. The roast pork was pretty tough, the vegetables were boiled, and the curry sauce was okay. But the fish was well fried, and the sweet and sour sauce was reasonable. The dollar loaf was very welcome both for making chip sandwiches and to mop up the curry sauce. Asia Restaurant doesn't have an official website, but there is a fan page",,,,,,,,,,,,,,,,,,,,,,,,,,,,,,,,,,,,,,,,,,,,,,,,,,,,,,,,,,,,,,,,,,
2021-07-03-cafe-40.md,Reviews,post,Cafe 40,2021-07-03,1,lunch,"32 George Street, Palmerston North Central, Palmerston North 4410",New Zealand,TODO,TODO,http://enroute.nz/listing/cafe-40/,"We ate lunch here in July 2021 Macaroni cheese Nachos Banana smoothie To describe Cafe 40 in 3 S-words: sad, salty and stay away. The place is tired and could use a good clean. The macaroni cheese, while not the worst we've had (congratulations Bees Knees) was overly salty and too rich. The nachos were just another flavourless mince-heap atop the cheapest corn chips money could buy. The ""smoothie"" was clearly a milkshake that they had blended a banana into and drizzled some honey down the sides of the glass. You're not fooling us, Cafe 40. Cafe 40 does not have a website",,,,,,,,,,,,,,,,,,,,,,,,,,,,,,,,,,,,,,,,,,,,,,,,,,,,,,,,,,,,,,,,,,
2021-07-07-mcdonald-s.md,Reviews,post,McDonald's,2021-07-07,2,dinner,"CNR ROBERTS & RUAPEHU STREETS, 48 Roberts Street, Taupō 3330",New Zealand,TODO,TODO,https://www.mcdonalds.com/nz/en-nz.html?utm_source=google-my-business&utm_medium=organic,"We ate dinner here in July 2021 Cheeseburger with fries Almighty Texan BBQ burger with a hash brown When you look around at a McDonald's, you see a perfect cross section through humanity. Absolutely everybody eats at McDonald's. So well done, Ronald, on becoming a global sensation and appealing to the masses. Not so well done on the food. The meat was a bit dry across the board, the fries were fresh but unsalted, and the hash brown was old and stuck to its paper sleeve. The ""almighty"" Texan BBQ burger looked a bit sad and had half fallen over in it's box when it arrived via their new-to-us table service. This was probably thanks to the fried onion on the bottom, and although said onion did add a lot to the flavour of the burger, it took just as much away from its structural integrity. The cheeseburger was plain but inoffensive. Website",,,,,,,,,,,,,,,,,,,,,,,,,,,,,,,,,,,,,,,,,,,,,,,,,,,,,,,,,,,,,,,,,,
2021-07-09-thai-orchid.md,Reviews,post,Thai Orchid Restaurant,2021-07-09,3,dinner,"21 Riccarton Road, Riccarton, Christchurch 8011",New Zealand,TODO,TODO,http://thaiorchid.co.nz/,"We ate dinner here in July 2021 Singapore steak with rice Crispy pork massaman curry with rice Thai Orchid boasts the shortest time between ordering and meals arriving of anywhere we've reviewed to date, and that includes McDonalds and Burger King. The service was so fast at first we assumed they had brought the meals to the wrong table. The meals themselves were pretty good. The beef in the Singapore steak wasn't chewy or gristly, but unfortunately there wasn't enough sauce. The massaman was the opposite, plenty of delicious sauce but the meat was dry. Website",,,,,,,,,,,,,,,,,,,,,,,,,,,,,,,,,,,,,,,,,,,,,,,,,,,,,,,,,,,,,,,,,,
2021-07-10-double-shotz.md,Reviews,post,Double Shotz,2021-07-10,3,lunch,"138 The Square, Palmerston North Central, Palmerston North 4410",New Zealand,TODO,TODO,https://www.doubleshotzcafe.com/,"We ate lunch here in July 2021 Rice and cauliflower vegetable pie Red pepper, spinach, caramelised onion and feta tart Carrot cake with yoghurt Peanut and banana smoothie Mocha Double Shotz is a better establishment than the Z in its name would imply. Everything was tasty and affordable. There are many ways to make a great banana smoothie. A key factor is that it needs something, it can't just be banana and milk. In this case, they've inventively gone with peanut butter. And it so worked. Had the smoothie been a couple of degrees colder it would have been perfect. The vegetable pie was controversial. Business Andy loved it, while the Fee-Rex was not a fan. We could both agree that it was an inventive and interesting addition to a cafe cabinet, which can frequently be a boring scene. The tart was sweet and delicious, with all components working well together. The cake was moist and tasty, but the icing unfortunately too sweet with not enough cream cheese. The mocha was great. It's a common trap to just pour chocolate into a mocha, but that makes them way too sweet. Double Shotz knows this isn't what you want, and held back on the chocolate resulting in a balanced drink, take notes Robert Harris. Still no marshmallows though. Website",,,,,,,,,,,,,,,,,,,,,,,,,,,,,,,,,,,,,,,,,,,,,,,,,,,,,,,,,,,,,,,,,,
2021-07-23-white-horse-inn.md,Reviews,post,White Horse Inn,2021-07-23,1,dinner,"2180 State Highway 56, Longburn 4412",New Zealand,TODO,TODO,http://www.whitehorseinn.co.nz/,"We ate dinner here in July 2021 Pan fried fish, chips, and salad Bangers and mash with peas and onion gravy For the most part, the White Horse Inn stays within its comfort zone. There is a TAB, a handle club, at least four TV's around the bar all playing different channels, and plenty of leaners with Tui towels on them. Their menu is mostly standard pub fare, but they unexpectedly also offer pan fried fish, which we were foolish enough to try. Pan fried fish only works if it is fresh, and this was anything but. We suspect it had come from the freezer. Rubbery, dry, really fishy, it had a nasty skin still on it, and even though it had probably been heated in a pan, it wasn't crispy at all. The chips and salad were fine, but they are irrelevant when the only way that you can stomach the fish is to make each mouthful half tartare sauce. The bangers and mash was a bit better. The bangers themselves were the world's cheapest pork or maybe beef flavoured sausages (who can tell?) from the discount bin, but they were really well cooked. There wasn't enough gravy, although to be honest it wasn't anything to write home about anyway. Website",,,,,,,,,,,,,,,,,,,,,,,,,,,,,,,,,,,,,,,,,,,,,,,,,,,,,,,,,,,,,,,,,,
2021-07-24-muffin-break.md,Reviews,post,Muffin Break,2021-07-24,1,TODO,"189 Papanui Road Shop 13,Inside, Merivale Mall, Merivale, Christchurch 8046",New Zealand,TODO,TODO,https://muffinbreak.co.nz/,"Feta, pine nut and spinach quiche Cheese and onion toastie Apple and caramel muffin Banana smoothie How did you do it, Muffin Break? How did you make the worst banana smoothie we have ever had? Artificial banana syrup, obviously, that's a given. But there was somehow more. Most smoothies made from banana syrup end up tasting like a milkshake. Perhaps Muffin Break make their own signature syrup, from the peels of old bananas and the tears of a Cambodian orphan, creating a blend which is somehow simultaneously too sweet and too bitter. Undrinkable, which was a shame because we both needed some liquid to wash down the other disgusting components of the meal. The cheese and onion toastie never arrived. Instead, a cheese, ham and tomato toastie, which we definitely hadn't ordered, somehow arrived. It was overcheesed, the ham was gross, and had gone soggy on the bottom from sitting too long on the plate. Perhaps this was because it had visited almost every other table before us. Despite the tables being numbered, the wait staff seemed to have no idea which meal went where. We were offered coffees, and then later a cheesy muffin, none of which was ours. The quiche just tasted like old spinach. The feta and pine nuts were visible, but not tasteable. We saw the waitress trying to give our quiche to another table; we wish she had succeeded. The muffin at least was okay. Perhaps Muffin Break had put all of their effort into making their flagship dish passable, leaving no energy for anything else. Pretty tragic. Although not as tragic as how many people were choosing to eat there. The place was packed! We need to band together, stop eating at Muffin Break, and let it die. Website",,,,,,,,,,,,,,,,,,,,,,,,,,,,,,,,,,,,,,,,,,,,,,,,,,,,,,,,,,,,,,,,,,
2021-07-30-indian-flavours.md,Reviews,post,Indian Flavours,2021-07-30,2,dinner,"216a Main Road, Tawa, Wellington 5028",New Zealand,TODO,TODO,https://indianflavours.co.nz/,"We ate dinner here in July 2021 Malai kofta with rice Dhaniya adraki paneer with rice Garlic naan Butter naan Aside from the excellent mock kitchen for children set up in the play area, Indian Flavours doesn't do anything to raise its head above the crowd. They did manage to do a few things that dragged them down though. We ordered a plain naan, so were surprised when the world's oiliest butter naan arrived. No exaggeration, there was a literal puddle of butter under the basket when it was taken away. The butter naan had somehow also delaminated into two layers which was bizarre. At least the garlic naan held together, but it too was extremely oily. The curries were inoffensive but bland. The dhaniya adraki paneer had a nice ginger flavour, but not much else going on. The malai kofta was even more plain, apart from the two landmine-like sultanas that provided surprise flavour explosions. The kofta balls were the lowlight; doughy and flavourless. We did at least enjoy the greatest hits of Kishore Kumar wailing in the background. Perhaps the rest of Palmerston North aren't the Kishore fans that we are, as we were the only diners there on a Friday night. Website",,,,,,,,,,,,,,,,,,,,,,,,,,,,,,,,,,,,,,,,,,,,,,,,,,,,,,,,,,,,,,,,,,
2021-08-13-dejeuner.md,Reviews,post,Dejeuner,2021-08-13,2,dinner,"44 The Square, Palmerston North Central, Palmerston North 4410",New Zealand,TODO,TODO,http://www.dejeuner.co.nz/,"We ate dinner here in August 2021 Baked goat cheese, beetroot, rocket, walnuts and crostini Venison with red onion, kale, butternut squash and juniper berry jus Braised short ribs with potato gratin, mushroom cream, charred leek Duck fat potatoes Opera cake with maple and walnut ice cream There are two important historical points you need to know about Dejeuner. In 2020 the head chef at Dejeuner had a heart attack and they have a new head chef In the late 2000s, there used to be a grotty basement bar called Uno at the site where Dejeuner now stands. As is our custom, we arrived at Dejeuner without a reservation. We weren't sure that we would be able to get a table, as we have eaten here under the previous head chef and knew it to be an upmarket, popular spot. The waitress walked us through a refined dining area complete with golden plate awards and quiet music in the background, down the stairs to the basement. What a difference. The first thing you notice is that you are alone. We saw a lot of reserved signs on the tables upstairs, and when we left, upstairs was totally full. Downstairs was dead empty. It was also cold. The wall paper was not wallpaper. Instead it was actual paper featuring an unconvincing brickwork pattern, barely stuck to the wall. There was neon lighting, green around the ""brickwork"" and multicoloured down the stairs. There was a framed photo of a wine glass decorated with diamantes. There was a $25 fake fire with who-are-you-kidding-flames flickering in it next to a bar heater. The floor was laminate boards that were warped and coming up at the ends which didn't help our already wobbly table. The bar still had the word Uno on the front. There was a television playing a loop of heavily curated Instagram style video from someone's 2017 travel footage. Snorkeling with turtles, waterfalls aplenty, the Eiffel Tower, all accompanied by upbeat beach resort pop music. The music and footage would have been right at home at a Club Med swim-up bar. The side of the basement that contained the bar was curiously empty apart from some stacked chairs. We learned why when were peeking in that area and inhaled, all these years later the smell of Uno's toilets was still lurking in the corner. To top it all off, the wait staff regularly ran up and down the stairs with no apparent regard for how noisy this was. And we mean running - the male server took the steps two at a time. In complete contrast to the decor, the goats cheese entree",wasn't even worth,it. If you would rather not eat in,"the basement, then reservations are recommended,",but you'd be missing out on a,"pretty special experience. Website""",,,,,,,,,,,,,,,,,,,,,,,,,,,,,,,,,,,,,,,,,,,,,,,,,,,,,,,,,,,,,
2021-09-10-kapadokya-mediterranean-and-turkish-cuisine.md,Reviews,post,Kapadokya Mediterranean & Turkish Cuisine,2021-09-10,3,dinner,"64 George Street, Palmerston North Central, Palmerston North 4410",New Zealand,TODO,TODO,https://kapadokyamediteraneanturkish.co.nz/,"Open Adana burger Beef and lamb meze platter Neither Business Andy nor the Fee-Rex had ever tried dolma before, and frankly we won't be trying it again. Be warned, that rolled up seaweed/leaf looking thing on the meze platter might as well be a stick of dynamite. Keep it away from your mouth. That said, the rest of the meze platter was really tasty. Shout out to the homemade falafel. Likewise, the open Adana burger was pretty nice too. We didn't know what Adana was before tonight, turns out it's spicy lamb mince made into a square sausage and cooked on a skewer, and unlike dolma, we'll probably try it again. Whoever was mixing the chili into the mince needs a good talking to though, as the level of heat was quite erratic, from pleasant one mouthful to where's-the-fire-extinguisher the next. As is commonplace with Turkish meals, both meals were generously sized and reasonably priced",,,,,,,,,,,,,,,,,,,,,,,,,,,,,,,,,,,,,,,,,,,,,,,,,,,,,,,,,,,,,,,,,,
2021-09-11-spring-patisserie-cafe.md,Reviews,post,Spring Patisserie & Cafe,2021-09-11,1,lunch,"3/1 Robert Street, Ellerslie, Auckland 1051",New Zealand,TODO,TODO,TODO,"We ate lunch here in September 2021 Savoury scone Chicken stack Chocolate cheesecake When we first walked into the Spring Patisserie, we thought it didn't look much like a patisserie. There were far too many pies and sandwiches in the cabinet, and not enough tartes and choux pastry. Are those things in the pie warmer actually delicate cakes that just look like pies and sausage rolls? The food only raised more questions. Why was the savoury scone so sweet? Why was the ham all in one chunk and not mixed throughout? That's not how they make them in Paris. The chicken stack also lacked Parisian flair. For some reason they put a huge thick and solid layer of carrot up top, so when you try to put a fork into it or a knife through it, the innards just smooshed out everywhere. To make matters worse, the chicken was in giant unappetising chunks, and there was far too much mozzarella. In fact any quantity of mozzarella is far too much in a dish such as this, it's a really bland cheese for a start, and when was the last time anyone wanted mozzarella on something that has to be eaten with a knife and fork? A real patisserie wouldn't have made these mistakes. J'Accuse! Spring Patisserie is not a real patisserie at all. You, sir, are a plain Jane kiwi bakery, and not a very good one at that. La cheesecake, trÃ¨s catastrophique. Sorry, forgot you weren't a patisserie. The cheesecake sucked. Website",,,,,,,,,,,,,,,,,,,,,,,,,,,,,,,,,,,,,,,,,,,,,,,,,,,,,,,,,,,,,,,,,,
2021-09-18-saigon-lunch-bar.md,Reviews,post,Saigon Lunch Bar,2021-09-18,2,lunch,"Inside Woolworths 475 Ti Rakau Drive, Huntington Park, Auckland 2013",New Zealand,TODO,TODO,https://www.instagram.com/saigon_garden_nz,"We ate lunch here in September 2021 Beef lemongrass bahn mi Beef pho You may remember our review of Saigon Restaurant & Bar where most meals came with chips, save that information for later. Today, the Fee-Rex ordered a rice dish, and they were out of rice. Side note: how does anyone ever run out of rice? It stores forever, it's cheap and readily available, it's not like it takes a long time to cook (and frankly, they had time; there was nobody else there), it was 11:45am and more than one of their meals relied on rice. You're going to have to cook some, so what do you mean, you're out of rice? They offered us chips instead, and it was then that we joined the dots. Saigon Lunch Bar is an offshoot of Saigon Restaurant & Bar, and the apple doesn't fall far from the tree. As was the case in Saigon Restaurant & Bar, the food was so-so. The baguette was way too crisp, the filling was alright, but it was poorly arranged so you couldn't get everything in one bite, much like the tacos at The Gipsy Moth. The pho was reasonable, while it didn't stand out it was enjoyable enough. It would have been nice to have had some water with these meals, for some reason they just left it in the fridge behind the counter. It would have also been nice to have a coffee, but we were informed that the landlord owns the three neighbouring eateries, one of which is Robert Harris. And apparently, only Mr Harris gets to sell coffee. Why they continue to advertise it on the menu is beyond us. It's a chalk board menu, just rub it off man. And then cook some rice. Website",,,,,,,,,,,,,,,,,,,,,,,,,,,,,,,,,,,,,,,,,,,,,,,,,,,,,,,,,,,,,,,,,,
2021-09-24-indian-summer.md,Reviews,post,Indian Summer,2021-09-24,2,dinner,"6/160 Hobsonville Point Road, (Enter from, De Havilland Road, 160 Hobsonville Point Road, Hobsonville, Auckland 0616",New Zealand,TODO,TODO,http://www.indiansummer.co.nz/,"We ate dinner here in September 2021 Shahi paneer with rice and plain naan Lamb rajasthani with rice and cheese naan The Fee-Rex has long held a conspiracy theory that multiple dishes on a typical Indian menu are actually the same thing. Indian Summer deepened this conspiracy. Tonight we ordered a shahi paneer, described as ""cottage cheese cooked in rich cashew nut gravy and crushed almond."" Sounds a bit like a korma, we thought. When it arrived at our table the waitress literally called it a korma. We knew it!! And it was a pale, bland korma at that. Similarly, Business Andy ordered a lamb rajasthani, descibed as ""speciality of Rajsthan this unique beef or lamb dish cooked in chefâ€™s special sauce."" Chef's special sauce my left nut. Unique my right nut. It was clearly a blend of Maggi tomato soup, some butter chicken, and sugar. We had the same exact dish at Indian2nite where it was called a makhani. The plain naan was pretty good, but the cheese naan was a nightmare. Half of it didn't even have any cheese at all, the other half had way too much, and it was mozzarella to boot. Website",,,,,,,,,,,,,,,,,,,,,,,,,,,,,,,,,,,,,,,,,,,,,,,,,,,,,,,,,,,,,,,,,,
2021-09-25-sony-cafe.md,Reviews,post,Sony Cafe,2021-09-25,3,lunch,"190 Ruapehu Drive, Fitzherbert, Palmerston North 4410",New Zealand,TODO,TODO,TODO,"We ate lunch here in September 2021 Steak, cheese, and mushroom pie Eggs benedict with bacon A lot of places like this aren't very good, Sony Cafe doesn't break the mould, they just do what all those similar cafes should be doing. The pie had a nice flaky pastry, it was not soggy at all, and the chunks of steak were tender and not full of gristle although they were perhaps a bit large. The eggs were well poached, and they had drained them before putting the eggs on the nicely toasted muffins. The bacon was well cooked and there was plenty of it, and everything was covered in a generous splash of acceptable hollandaise sauce. Those other cafes like this, where they have the cabinets and the little menu for cooked items are often pretty average. It's pretty easy to just exist and make average food, people will come just because it's an easy and cheap lunch. So it's really nice to see Sony Cafe put in the effort to make good food, and given how busy it was in there, we clearly weren't the only people who had noticed. Sony Cafe has no website.",,,,,,,,,,,,,,,,,,,,,,,,,,,,,,,,,,,,,,,,,,,,,,,,,,,,,,,,,,,,,,,,,,
2021-10-01-namaste-bharat-indian-restaurant.md,Reviews,post,Namaste Bharat Indian Restaurant,2021-10-01,2,dinner,"61 The Square, Palmerston North Central, Palmerston North 4410",New Zealand,TODO,TODO,https://namastebharat.co.nz/,"We ate dinner here in October 2021 Sahi paneer with butter naan and rice Malai kofta with cheese & garlic naan and rice Namaste Bharat was cold, both in temperature and in the disposition of the wait staff. The Fee-Rex ordered a sahi paneer, wondering if it would be different to the shahi paneer she had last week at Indian Summer. The menu described the sahi paneer as 'paneer with sauces and special spices' which didn't offer much of a clue. Turns out sahi paneer is the same as a shahi paneer, in that they are both essentially kormas. It may be that sahi was a typo in the menu. The only noteworthy thing about this otherwise boring curry was that it came with a bizarre sprinkle of grated cheese on top. The malai kofta sauce was very nice. Unfortunately, the koftas themselves were basically two giant balls of mashed potato, and so were pretty stodgy and uninteresting, not like koftas we've had elsewhere. The cheese and garlic naan was pretty good, it did contain some mozzarella but it wasn't the only cheese, and the garlic on top was toasted (a welcome surprise) and well proportioned. The butter naan was a bit thin but was otherwise okay.",,,,,,,,,,,,,,,,,,,,,,,,,,,,,,,,,,,,,,,,,,,,,,,,,,,,,,,,,,,,,,,,,,
2021-10-02-pita-pit.md,Reviews,post,Pita Pit,2021-10-02,3,lunch,"65 Lunn Avenue, Mount Wellington, Auckland 1072",New Zealand,TODO,TODO,https://www.pitapit.co.nz/,"We ate lunch here in October 2021 Feta & quinoa pita Greek lamb pizza We are Pita Pit novices. While the concept is simple (essentially Subway but with pitas instead of bread), we were ill-prepared and found ourselves panicked in the salad and sauce selection process. The pita wasn't very enjoyable, and it's difficult to know how much of that was our own fault. Were the salads and sauces we selected (fresh capsicum, carrot, beetroot, lettuce, grilled mushroom, cheddar cheese, hummus) a bad blend to accompany the feta & quinoa rosti, or was this pita always destined to be on the flavourless side, regardless of what we did? The Greek lamb pizza, which did not rely on our blundering choices, was great. The flavours worked well together, the lamb was tender, the roast capsicum yummy, and the thin pita base enjoyable. The stringy mozzarella caused some topping loss, which was a shame, but was the only blemish on an otherwise great pizza. Pita Pit offers both dine-in and takeaway, but they're not straining themselves to make dine-in an enjoyable experience. We were given one serviette to share between us, and no plate to catch the inevitable detritus from the meal. Perhaps Pita Pit think that they are creating less work for themselves by providing the bare minimum. This is clearly a false economy, as it causes messy food bits to be dropped all over the table, and with serviettes at a premium we naturally prioritised our own hands and faces over cleaning the table. Website",,,,,,,,,,,,,,,,,,,,,,,,,,,,,,,,,,,,,,,,,,,,,,,,,,,,,,,,,,,,,,,,,,
2021-10-08-lone-star.md,Reviews,post,Lone Star,2021-10-08,1,dinner,"14 Brecon Street, Queenstown 9300",New Zealand,TODO,TODO,https://www.lonestar.co.nz/restaurants/queenstown/,"We ate dinner here in October 2021 Burrrrrito (beef mince burrito with chilli rice and coleslaw) Kiwi joker (ribeye steak with onions, chips, eggs, mushrooms, and coleslaw) Jack Daniel's chocolate fudge pudding Snake bite venom teapot (vodka, Galliano, triple sec, Midori, orange juice, and cranberry juice) Maybe our tastes have changed, but Lone Star isn't like how we remembered it from 2004. Which, incidentally, is about the last time that teapots were cool. That didn't stop us, in a fit of nostalgia, from ordering and then instantly regretting the snake bite venom teapot. Although it was reportedly the waitress's favourite, it was foul. Way too much Galliano, not enough of anything else, and the pulpy orange juice looked chunky and gross in the shot glasses. We stacked the deck a bit here by ordering two items that had been recommended by a friend, and while they were the two strongest dishes, that isn't saying much. The steak was pretty reasonable, well cooked and not gristly, but they put the wrong sauce on it, and the coleslaw was just a slog to get through. The burrito was tragic, it had clearly been premade and then reheated based off the lukewarm temperature, soaked-in tomato sauce, and withered tortilla. The rice was incredibly dry and had not a skerrick of flavour to it, and neither did the endless coleslaw. The other recommendation was a very average chocolate pudding, with rock hard ice cream and not enough sauce. Bookings recommended. Website",,,,,,,,,,,,,,,,,,,,,,,,,,,,,,,,,,,,,,,,,,,,,,,,,,,,,,,,,,,,,,,,,,
2021-10-10-cafe-jacko.md,Reviews,post,Cafe Jacko,2021-10-10,3,lunch,"8 George Street, Palmerston North Central, Palmerston North 4410",New Zealand,TODO,TODO,TODO,"We ate lunch here in October 2021 Fish, chips & coleslaw Brioche French toast with bacon, banana, blueberries, maple syrup and ice cream Banana smoothie At Cafe Jacko we experienced a BAATFR first - finding plastic in our food. This was an unfortunate blip in what was overwise a very nice meal. The fish was delicately battered, the chips well cooked, and the coleslaw tasty (apart from the plastic). The French toast was intense. This isn't your everyday cafe French toast - the brioche was thick, soft and rasisiny, they had battered, fried and sugared the bananas, blueberries were a lovely compote, and who doesn't want ice cream with their breakfast food? Delicious as this was, it was a lot and did become a bit nauseating after a while. The banana smoothie was a standout, and hit the big three of texture, flavour and temperature. Despite the plastic we would happily go back to Cafe Jacko again, and the lovely man at the counter (was it Jacko himself?) was extremely apologetic and comped the affected meal. Website",,,,,,,,,,,,,,,,,,,,,,,,,,,,,,,,,,,,,,,,,,,,,,,,,,,,,,,,,,,,,,,,,,
2021-10-15-thai-house-express.md,Reviews,post,Thai House Express,2021-10-15,2,dinner,"303 Victoria Street, Hamilton Central, Hamilton 3204",New Zealand,TODO,TODO,https://www.thaihousehamilton.co.nz/,"We ate dinner here in October 2021 Tofu pad thai Beef massaman curry with rice Roti with satay sauce Thai House Express, emphasis on the express. This is among the fastest food that we've been served, right up there with Wendy's. The roti was nice, but what has happened to the satay sauce? It wasn't peanutty at all, more like a watery curry sauce. Speaking of watery curry sauce, the massaman curry wasn't very nice at all. This dish is supposed to be rich and hearty, but it wasn't rich or hearty, and tasted far too strongly of fish sauce and sugar. In contrast, the pad thai was yummy, and we were pleased to see that we were served a tofu pad thai, not a vegetable pad thai featuring tofu. Website",,,,,,,,,,,,,,,,,,,,,,,,,,,,,,,,,,,,,,,,,,,,,,,,,,,,,,,,,,,,,,,,,,
2021-10-16-the-daily-grind.md,Reviews,post,The Daily Grind,2021-10-16,1,lunch,"4/12 Silverdale Street, Silverdale 0932",New Zealand,TODO,TODO,TODO,"We ate lunch here in October 2021 Beef burger with chips Bruschetta Caramel and chocolate slice Banana smoothie Let's start with the positives. The bruschetta was good, maybe a bit much pesto but it fresh, well put together, and we would happily eat this again. The same cannot be said for anything else that we ordered. The banana smoothie came out promptly and was a good temperature, however it was too milky, it didn't taste much like banana, or really anything else except milk. There was a lengthy wait for the cooked food. Given that we were the only people in the joint, a 25 minute wait just doesn't make any sense. At one point we thought we could smell something burning, so there might have been a do-over. When the food did finally arrive, we could immediately tell that there was something wrong with the burger. The patty was almost cylindrical, the buns were squashed flat and charred, and the whole thing looked like it was ready to fall over. Why do people do this? You want the meat to cover the whole bun, you don't want a small sad dehydrated ball in the middle. The patty's thickness also meant it probably took at least 20 minutes to cook, which will also be why it came out so dry. It was a shame that the patty and buns were so bad as the burger had some nice components like the beetroot relish and caramelised onion. We had saved the slice till last, it looked really good. What a disappointment. The base was about twice as thick as it should have been, and was overpoweringly bitter and dry. The caramel was good, but in these ratios it just couldn't touch the sides. Website",,,,,,,,,,,,,,,,,,,,,,,,,,,,,,,,,,,,,,,,,,,,,,,,,,,,,,,,,,,,,,,,,,
2021-10-30-phil-and-jo-s-cafe.md,Reviews,post,Phil and Jo's Cafe,2021-10-30,1,lunch,"Plaza Shopping Centre, Church Street, Palmerston North Central, Palmerston North 4412",New Zealand,TODO,TODO,http://www.philandjoscafe.co.nz/,"Palmerston North We ate lunch here in October 2021 Steak and mushroom gourmet pie Cheese and pineapple toasted sandwich Banana cake Options for good dining in the Plaza are limited. So far, the best we've found is Shamiana, and that's not saying much. Phil and Jo's was very popular, in fact many of the cabinet options were all gone by 1 o'clock when we arrived. Unfortunately, this didn't prove to be an indicator that the food was good. The pie was served in a large ramekin, with no pastry and a potato top. We assume this is what made it 'gourmet'. While the flavour of the innards were good, and the mushrooms were distinct, it had been way overcooked causing the potato edges to be rock hard and the bottom of the filling to burn. The steak was really gristly and unpredictable. Phil, Jo, if you're going to buy steak that bad just cut your losses and get mince instead. The toastie was cooked alright, but the amount of crushed pineapple they used was barely detectable. Also, they obviously hadn't wiped the sandwich press as we had a big blurt of relish from another dish cooked onto our sandwich which was unwelcome. The banana cake was pre-cut and plated in the cabinet, and was down to the last piece. It was bone dry on the outside, although the inside which hadn't been exposed to air was okay. It had a thick layer of chocolate icing on the top which contained too much cocoa. Interestingly, it also had a layer of buttercream through the centre. As the outsides were so dry, any extra source of moisture was greatly appreciated. Had the cake not been so dry, this extra buttercream probably wouldn't have brought much to the experience. Website",,,,,,,,,,,,,,,,,,,,,,,,,,,,,,,,,,,,,,,,,,,,,,,,,,,,,,,,,,,,,,,,,,
2021-10-30-table-188.md,Reviews,post,Table 188,2021-10-30,3,dinner,"2 The Square, Palmerston North Central, Palmerston North 4410",New Zealand,TODO,TODO,TODO,"almerston North We ate dinner here in October 2021 Lamb rack with oxtail cigar, kumara and currant couscous, sweet corn puree Pan fried fish on ginger and kumara cake with Vietnamese slaw Cherry chocolate cheesecake with ice cream Wow, what an incredible fish dish. Everything went together perfectly, it was sweet and tangy, the freshness and varied textures of the slaw were a great accompaniment to the softness of the kumara cake. This is the best fish we've reviewed yet. The lamb rack didn't quite reach the heights of the fish, but was still good. The lamb itself was very nice, and the oxtail cigar was fantastic, but the rest was quite forgettable. The cheesecake was a disappointment. The cherry was undetectable, the texture thick, and the ratio of base to cheesecake mix off kilter. There was a nice vanilla creme with it, but it came with a very confusing strawberry sauce drizzled over the top of it. Website",,,,,,,,,,,,,,,,,,,,,,,,,,,,,,,,,,,,,,,,,,,,,,,,,,,,,,,,,,,,,,,,,,
2021-11-05-breakers.md,Reviews,post,Breakers,2021-11-05,2,dinner,"7 Atlas Place, Mairangi Bay, North Shore City 0632",New Zealand,TODO,TODO,http://www.nzbreakers.basketball/,"Palmerston North We ate dinner here in November 2021 Chicken tender burger with chips Thai beef salad We don't want to say that Business Andy had a privileged upbringing. But this is his first time ever going to a Breakers. You do the maths. Breakers is still a very safe place to bring children, tables of rowdy teens and people with unadventurous tastes. The place had kids running about, was very loud, and the menu was full of safe bets. The burger had some issues. Construction wise it was almost falling over when it came out, requiring a rebuild before eating. The skewer wasn't even through the meat! The crispy chicken coating was so crisp we thought it was either gravel or plastic on first bite. They'd gone overboard with the tomato - 4 slices! The 'aioli' in the burger turned out to just be cheap mayonnaise, and the bun was approaching stale. The salad was better. The meat wasn't gristly, and was only slightly overdone which frankly is better than average for beef strips in a salad. The dressing was tasty and they had lots of crispy noodles which was greatly appreciated. However, some of the lettuce leaves were too big, and there was a layer of ginormous thick cucumber slices, which had been cut diagonally rather than perpendicular They were like frisbees and one came out every time you put your fork in. Website",,,,,,,,,,,,,,,,,,,,,,,,,,,,,,,,,,,,,,,,,,,,,,,,,,,,,,,,,,,,,,,,,,
2021-11-19-beaver-bear.md,Reviews,post,Beaver & Bear,2021-11-19,4,dinner,"3 Campbell Street, Palmerston North Central, Palmerston North 4410",New Zealand,TODO,TODO,https://www.beaverandbear.co.nz/,"Palmerston North We ate dinner here in November 2021 Newfie poutine Northern spice chicken wings with blue cheese dip Fried cauliflower with ranch and spicy dips Beaver & Bear used to be a fairly successful food truck, so most of what's on the menu is deep fried and delicious. We tried their specialties, and they did not disappoint. The poutine was so hearty, and had stuffing crumbs on top, apparently this is all the rage in Newfoundland. Frankly, it should be like this everywhere. The chicken wings were probably the highlight, they weren't too greasy for a start, and they had a warm spice coating that went very well with the blue cheese dip. The fried cauliflower was very well cooked and came with a hot dipping sauce that was actually delicious, and that's coming from people who don't particularly like spicy sauces. Bookings essential. Website",,,,,,,,,,,,,,,,,,,,,,,,,,,,,,,,,,,,,,,,,,,,,,,,,,,,,,,,,,,,,,,,,,
2021-11-21-rumour-has-it.md,Reviews,post,Rumour Has It,2021-11-21,1,lunch,"305 Rangitikei Street, Takaro, Palmerston North 4410",New Zealand,TODO,TODO,https://www.order.store/store/rumour-has-it-cafe/_E6--pwMR5KFQxGW-e0hSA,"Palmerston North We ate lunch here in November 2021 Fish, chips and salad Chicken burger with chips Banana smoothie Rumour Has It that this cafe sucks. We can confirm that those rumours are 100% true. Not one element of our meals was enjoyable. The banana smoothie looked appetising when it came out, turns out that was an illusion caused by putting the drink in a pre-chilled glass. The smoothie itself was too warm and full of overpowering banana syrup. The fish was overly fishy fish bites, and the salad soaked in a foul dressing. The chicken burger was a structural nightmare, jenga'd up 5 stories high and impossible to eat as presented. Even after removing some of the chicken and re-skewering it still spilled out everywhere. The chicken was bone dry, the bun generically flavourless. It did contain a hash brown, which we feel is an under-utilised burger element, but that didn't come close to saving it. Even the chips were offensive. They had about 10% the flavour of a normal chip and tasted like stale nothing. Yes they were unsalted, which didn't help, but it was more than that. How exactly they achieved this feat we'll never know, as we sure as hell won't be going back to find out. Website",,,,,,,,,,,,,,,,,,,,,,,,,,,,,,,,,,,,,,,,,,,,,,,,,,,,,,,,,,,,,,,,,,
2021-11-26-hanamizuki-japanese-restaurant.md,Reviews,post,Hanamizuki Japanese Restaurant,2021-11-26,3,dinner,"161 The Square, Palmerston North Central, Palmerston North 4410",New Zealand,TODO,TODO,http://www.hanamizuki.co.nz/,"Palmerston North We ate dinner here in November 2021 Vegetable okonomiyaki Teriyaki beef donburi Although the decor was dated and the food service was slow, Hanamizuki serves good food. The okonomiyaki was nommy with a good combination of sauces. The donburi vegetables were fresh, the meat tender. The sesame on the spinach was a standout. Website",,,,,,,,,,,,,,,,,,,,,,,,,,,,,,,,,,,,,,,,,,,,,,,,,,,,,,,,,,,,,,,,,,
2021-11-27-delish-cafe.md,Reviews,post,Delish Cafe,2021-11-27,3,lunch,"90 Fergusson Street, Feilding 4702",New Zealand,TODO,TODO,https://m.facebook.com/Delish-Cafe-475330452646182/,"Feilding We ate lunch here in November 2021 Big breakfast Breakfast muffin Banana smoothie The staff at Delish Cafe are delightful, they complimented Business Andy's shorts, and apologised for the wait even though we hadn't been waiting very long. The breakfast muffin was great, it was like an elevated version of a McMuffin. A juicy beef patty with melted cheese, tomato sauce, hash brown, and a fried egg in a toasted English muffin. It was magnificent, and very reasonably priced. The big breakfast was truly big, and was well executed. The hash browns deserve a special shout out, and perhaps the tomato could have been roasted a little longer, but the rest of the components were all really good. The banana smoothie was a real let down, they had doused the sides of the glass with banana syrup which ruined it. Website",,,,,,,,,,,,,,,,,,,,,,,,,,,,,,,,,,,,,,,,,,,,,,,,,,,,,,,,,,,,,,,,,,
2021-12-04-amayjen.md,Reviews,post,Amayjen,2021-12-04,4,lunch,"17 Victoria Avenue, Palmerston North Central, Palmerston North 4410",New Zealand,TODO,TODO,http://www.amayjen.co.nz/,"Palmerston North We ate lunch here in December 2021 Braised lamb neck crepe Pork dumplings Banana, peanut butter, and cacao smoothie Despite a rocky start, our meal at Amayjen was fantastic. On arrival we were tersely instructed to present our vaccine passes ""before we touched anything"" like we were children with chocolate on our hands. They also took ages to take our order, then lied to us about the reason. The first server told us they were looking for their mask, and the second server told us that they were a member of staff down. Neither of these is particularly believable, as we had just watched them both have a long conversation together after taking someone else's order. Fortunately for everyone, the food was absolutely fantastic. The lamb crepe was meaty, hearty, and full of flavour. And the pork dumplings were excellent as well. The smoothie scored full marks for both texture and temperature, a rarity. Website",,,,,,,,,,,,,,,,,,,,,,,,,,,,,,,,,,,,,,,,,,,,,,,,,,,,,,,,,,,,,,,,,,
2021-12-04-fire-home.md,Reviews,post,Fire Home,2021-12-04,1,dinner,"38/60 Broadway Avenue, Palmerston North Central, Palmerston North 4410",New Zealand,TODO,TODO,TODO,"Palmerston North We ate dinner here in December 2021 Beef and lamb iskender Falafel doner It was an extremely quiet night at Fire Home, maybe they had taken the opportunity to leave a skeleton crew. The one member of staff appeared quite inexperienced, she didn't know where the buttons were on the till and couldn't keep up with a normal pace of ordering. She also seemed not to know what comes with an iskender. The menu advertised meat, rice, salad, hummus, jacik, and sauce, however the plate contained only meat, rice, and sauce, and looked a little underwhelming. The meat was very dry, and we noted that their rotisserie meat stands were empty, so we assume this has come from the fridge. Five to ten minutes later, when Business Andy's kebeb showed up, we found out that this poor staff member also didn't know how to wrap a doner. They really shouldn't have been left there alone. The foil was all scrunched up on one side, it was completely wrapped instead of open at one end, wasn't in a bag, and wasn't on a plate. The net result was that you had to tear open a foil package that didn't tear open well and was also too hot to handle. Opening the foil was like tearing a hangnail off your finger, you pull a little and nothing happens, so you pull more and then a whole chunk of scrunched side foil comes off bringing with it a long and painful tail that just ruins your day. There was sauce all over Business Andy's hands, and a hell of a mess left on a food court tray. To their credit, the flavour was alright. And at least it had salad. Fire Home has no website.",,,,,,,,,,,,,,,,,,,,,,,,,,,,,,,,,,,,,,,,,,,,,,,,,,,,,,,,,,,,,,,,,,
2021-12-08-carl-s-jr.md,Reviews,post,Carl's Jr,2021-12-08,2,dinner,"415 Ferguson Street, Palmerston North Central, Palmerston North 4410",New Zealand,TODO,TODO,https://www.carlsjr.co.nz/?utm_source=organic&utm_medium=google-my-business&utm_campaign=5203,"Palmerston North We ate dinner here in December 2021 Onion rings Memphis BBQ Big Angus burger Original Big Angus (single patty) Carl's Jr is what Burger King was meant to be. The burgers were reasonable, the onion rings were actually real onion in a batter (shame about having too much salt). The Memphis BBQ was better than the Original Big Angus, with the crispy onion bits being a highlight. However, the patties were on the dry side, the sauce distribution and flavour in the Original Big Angus were poor. However, good construction and good buns were also at play. We appreciated the paper wrapped around the burger, but where the heck were the serviettes! Overall this was the best traditional fast food chain we've been to yet, although still not good enough to crack a 3. Website",,,,,,,,,,,,,,,,,,,,,,,,,,,,,,,,,,,,,,,,,,,,,,,,,,,,,,,,,,,,,,,,,,
2021-12-20-coffee-plus.md,Reviews,post,Coffee Plus +,2021-12-20,2,lunch,"74 Rawhiti Road, One Tree Hill, Auckland 1061",New Zealand,TODO,TODO,TODO,"Taihape We ate lunch here in December 2021 Beef sausage roll Potato top pie Churros The decor at Coffee Plus + makes it look like a cross between a bar, a second hand furniture shop, and someone's rumpus room. There is also a very sweet and very obese dog called Brie whom we liked very much. They didn't make any of their food, they just heated it up for us. But that said, they had taken some care. This was no casual microwave job, both the sausage roll and the pie were crisp indicating that they had been in some kind of oven. The churros were completely covered in cinnamon sugar, chocolate sauce, and caramel sauce, and while they were good, I mean come on, they were always going to be good, we've had better. The churros were the only thing that didn't reheat well, unlike the pie and sausage roll, they really needed to be deep fried fresh. Website",,,,,,,,,,,,,,,,,,,,,,,,,,,,,,,,,,,,,,,,,,,,,,,,,,,,,,,,,,,,,,,,,,
2021-12-30-flat-hills-cafe.md,Reviews,post,Flat Hills Cafe & Tourist Park,2021-12-30,1,TODO,"5733 State Highway 1, Ōhingaiti 4774",New Zealand,TODO,TODO,http://www.flathills.co.nz/,"Ohingaiti Crumbed chicken burger Curly fries Mince & cheese pie Flat Hills Cafe caters to the passing through crowd - cars travelling north from Palmy who are too hungry or lazy to wait for Taihape, families who need somewhere to stop for the kids to burn off some energy, and Intercity buses. Credit where credit is due, Flat Hills knows what it is and has provided. Heaps of parking for buses, motorhomes etc. A sizeable selection of cooked, cabinet, and readymade food (ice creams, chocolate bars etc). Accessible, plentiful and clean bathrooms. Fun stuff for children - animals to look at, a bouncy castle, swings, even a maze. Unfortunately, the food just isn't that good. The highlight was the curly fries - oh my God there were so many big curlies. We've all been disappointed before when you buy a bowl of 'curly fries' that is actually a bowl of sad half moons with maybe one 520 degree curly. Not this bowl, it was mostly real curlies, an absolute delight. But it was downhill from there. The accompanying aioli was flavourless and had a little skin on the top like it had been pre-poured. The pie had good pastry on top, but not so good for the base and a distinct I've-been-in-this-warmer-for-some-time flavour and texture. The burger was sad. Not only did it not contain any onion rings as advertised, it was poorly constructed, had unwelcome surprise tomato and just didn't taste very good. Website",,,,,,,,,,,,,,,,,,,,,,,,,,,,,,,,,,,,,,,,,,,,,,,,,,,,,,,,,,,,,,,,,,
2022-01-01-cafe-cuba.md,Reviews,post,Cafe Cuba,2022-01-01,3,lunch,"236 Cuba Street, Central, Palmerston North 4410",New Zealand,TODO,TODO,https://www.cafecuba.co.nz/,"Palmerston North We ate lunch here in January 2022 Campfire smash Cauliflower tacos Banana smoothie Passionfruit smoothie Cafe Cuba has been one of the most popular cafes in Palmerston North for the past 20 years. They have a diverse menu, speedy service and a reputation for being reliably good. In the Fee-Rex's expert opinion, it was home to the best smoothie in Palmerston North. We say was as unfortunately the smoothie game has slipped a bit. Don't get us wrong, they're still good, but they are no longer great. The passionfruit smoothie used to be tangy and creamy, really cool and thick with honey down the sides. Today's passionfruit smoothie was almost too tangy, much less creamy with more of a juice consistency. The banana smoothie was perfectly acceptable, but lacked in va va voom. The campfire smash, which is egg, potato, onion, spinach all cooked up together with a piece of ciabatta, was again good but not great. The tacos were disappointing, plain and thoughtless. They seemed like the kind of tacos you would make and home, eat then go ""well, at least I'm not hungry anymore but I won't make that again."" Step up Cafe Cuba! You've earned a 3 rating today but we know you can do better. Bookings recommended Website",,,,,,,,,,,,,,,,,,,,,,,,,,,,,,,,,,,,,,,,,,,,,,,,,,,,,,,,,,,,,,,,,,
2022-01-01-chada-thai.md,Reviews,post,Chada Thai,2022-01-01,2,dinner,"81 Broadway Avenue, Palmerston North Central, Palmerston North 5301",New Zealand,TODO,TODO,http://www.chadathai.co.nz/,"Palmerston North We ate dinner here in December 2021 Curry puffs Tofu pad thai Lamb massaman curry with rice Caramel bubble tea What a weird pad thai. Admittedly it was a vegan pad thai, so we were prepared for it to be a little different (no egg, maybe a little different flavour from no fish sauce). But veganism doesn't preclude the pad thai staples of peanuts and lemon, both of which were absent. And you certainly don't make up for a lack of animal products by drowning the dish in oil, which this was. Very disappointing. The curry was better, with a nice sauce and meat that was tender, pretty reasonable on the lamb-you-find-in-a-cheap-curry scale. Peanuts were again a problem. There were upleasant peanut sinkers all at the bottom of the meal which had been ""toasted"" by someone who didn't appreciate toasted peanuts. They had been grilled at way too high a temperature for a very short time, which had served just to put a bit of colour on the outside of what were in essence raw peanuts. For some reason the caramel bubble tea tasted like coffee as much as caramel. At least the curry puffs were good, nice pastry and flavour. Website",,,,,,,,,,,,,,,,,,,,,,,,,,,,,,,,,,,,,,,,,,,,,,,,,,,,,,,,,,,,,,,,,,
2022-01-08-cafe-brie.md,Reviews,post,Cafe Brie,2022-01-08,3,TODO,"218 Broadway Avenue, City Centre, Palmerston North 4410",New Zealand,TODO,TODO,http://www.cafebrie.co.nz/,"Palmerston North Lamb's fry with bacon Steak salad with feta balls Banana smoothie Cafe Brie was a real mix of the good, the bad, and the ugly. The good: The smoothie was one of the best that we have reviewed. Understated, cold, perfectly smooth, and utterly delicious. The feta balls were fantastic and unexpected, a real treat. The brown onion and mushroom jus that came with the lamb's fry was dark, hearty, and very tasty. The bad: The steak was overcooked, we asked for medium but received well done steak. The liver was unevenly cooked, most was a bit overdone, and a part of it was quite underdone. The ugly: The kumara. It was a bit overdone when it was roasted, and from the texture of it, that was at least three days ago. They were hard as rocks, and very unpleasant. And this was a real shame because the kumara is often the bit of a salad that you really look forward to. Website",,,,,,,,,,,,,,,,,,,,,,,,,,,,,,,,,,,,,,,,,,,,,,,,,,,,,,,,,,,,,,,,,,
2022-01-21-libre.md,Reviews,post,Libre,2022-01-21,3,dinner,"53/55 Paul Matthews Road, Rosedale, Albany 0632",New Zealand,TODO,TODO,http://www.mediray.co.nz/,"Palmerston North We ate dinner here in January 2022 Pulled pork tacos Beef enchiladas Churros with caramel sauce and ice cream Libre is Palmerston North's premiere Mexican eatery, with a nice casual vibe and great cocktails. The food was good to excellent, with the tacos being the highlight. Have your serviette at the ready, you will get sauced. The churros were delicious too, but they were just churros and could have been a little more fluffy and a little more inventive. Bookings recommended",,,,,,,,,,,,,,,,,,,,,,,,,,,,,,,,,,,,,,,,,,,,,,,,,,,,,,,,,,,,,,,,,,
2022-01-21-provenance.md,Reviews,post,Provenance,2022-01-21,4,dinner,"159 Broadway Avenue, Palmerston North Central, Palmerston North 4410",New Zealand,TODO,TODO,http://www.provenancemanawatu.co.nz/?utm_source=google&utm_medium=wix_google_business_profile&utm_campaign=9993974342430306800,"Palmerston North We ate dinner here in January 2022 Bruschetta Beef tartar Fries with truffle and parmesan Seasonal greens - cabbage Korean fried chicken ""Lemon pie"" with sorbet This place is really made for sharing, they offer small plates, which is all we ordered, and large plates which serve two to three people. Even the desserts are made to be shared, so it's tapas really, even if they don't say that they are. Speaking of sharing, if you are hoping to share a conversation, be aware that the acoustics in Provenance are pretty bad. The general noise level was so loud that we struggled to hear each other at times. The food was excellent, it is on the fancy side but not overpriced, apart from the dessert which was a total rip-off. The bruschetta was a little different, it came with roast garlic and whole roast tomatoes for a ""some assembly required"" dish. The beef tartar was very flavoursome, and was accompanied by a host of unusual but welcome bedmates. The fries really stood out, they had gone crazy with the parmesan and truffle oil, and the truffle butter on the side was just divine. Honestly it was a struggle not to mop up the remainder with our fingers. The chicken had a sweet chilli vibe, and didn't have a thick crispy coating like a lot of fried chicken does. So it was a bit different to what we expected, but was delicious nonetheless. The lemon pie was their only misstep. It was completely deconstructed, and had way more sorbet than anything else. While the ingredients were all excellent, we would have preferred half the sorbet, and double the amount of the other components. Bookings recommended. Website",,,,,,,,,,,,,,,,,,,,,,,,,,,,,,,,,,,,,,,,,,,,,,,,,,,,,,,,,,,,,,,,,,
2022-01-22-cravings-cafe.md,Reviews,post,Cravings Cafe,2022-01-22,3,lunch,"117 Ruahine Street, Roslyn, Palmerston North 4414",New Zealand,TODO,TODO,https://m.facebook.com/cravingscafenz/,"BusinessAndy&FeeRex Cravings Cafe 187 Palmerston North We ate lunch here in January 2022 Crispy chicken burger with curly fries Kumara rosti with haloumi and egg Banana smoothie If you are pregnant, then this is the cafe for you, situated right in the birthing complex, and full of pregnant women. Maybe not full to the brim, but there was definitely an overrepresentation of gravid uteri the day that we were there. The food at Cravings Cafe was actually pretty good, and there were plenty of other things available that we would have liked to try. The chicken was very crispy, perhaps a little dry, but the burger overall was excellent. Very well constructed, and the curly fries, which come standard with the burger were top notch. The menu didn't even say that the fries were curly, but damn were they curly, with several very large curlies present. The rosti was made with orange kumara rather than the usual purple which was a nice change. The haloumi was well cooked but very thin, too thin to squeak, as it turned out. The banana smoothie wasn't good at all, unfortunately. It wasn't a banana smoothie at all, it was some kind of mix of tropical fruits and was just very sweet. The great texture and temperature were hard to appreciate with that flavour. Website",,,,,,,,,,,,,,,,,,,,,,,,,,,,,,,,,,,,,,,,,,,,,,,,,,,,,,,,,,,,,,,,,,
2022-01-28-chinatown-chinese-restaurant.md,Reviews,post,Chinatown Chinese Restaurant,2022-01-28,1,dinner,"156 Cuba Street, Takaro, Palmerston North 4410",New Zealand,TODO,TODO,https://www.chinatownrestaurant.co.nz/,"Palmerston North We ate dinner here in January 2022 Buffet Chinatown Chinese Restaurant offers both a buffet and an a la carte menu. As we walked in the dude said ""buffet?"" We didn't know better so we went with it, but when we looked out into the restaurant, we saw a bit of a trend appear. There was a few tables where people had ordered off the menu, and all but one was Asian diners. We suspect that they knew something that we didn't. The buffet wasn't all bad, the stand outs were the vegetarian noodles, the fish bites, and the chicken wings. Standing out for the wrong reasons were the pan fried dumplings, the BBQ pork, and the pork curry. The rest of the things that we tried were middling to bad, the prime example of this category was the under seasoned onion rings. There was dessert on offer, which was nice, the carrot cake was the best part, the cheesecake, the worst by a considerable margin. Website",,,,,,,,,,,,,,,,,,,,,,,,,,,,,,,,,,,,,,,,,,,,,,,,,,,,,,,,,,,,,,,,,,
2022-01-29-hungry-horse-cafe.md,Reviews,post,Hungry Horse Cafe,2022-01-29,2,lunch,"4 Botanical Road, Highbury, Palmerston North 4412",New Zealand,TODO,TODO,https://www.facebook.com/hungryhorse.co.nz/,"Palmerston North We ate lunch here in January 2022 Smashed avo on toast with a poached egg Baked potato with mince We'll talk about these meals in the order that they arrived. The smashed avo on toast was middling, the toast itself was thick, soft, and fresh. It came with a very welcome slice of lemon, which paired well with the avocado itself. Unfortunately, the poached egg was underdone and a bit sloppy. And extra unfortunately, there was a huge piece of lettuce under the avo, on the toast. We really don't know who wants this, it was entirely unnecessary. This space represents the gap between us finishing the avo on toast, and the arrival of the baked potato. The potato itself was not underdone, but lacked fluffiness. We carefully avoided the vegetarian mince option because it contained red beans and chickpeas, so we were quite upset when the beef mince arrived with both red beans and chickpeas. Admittedly these both didn't taste like much, but that's not a compliment. Could have used a little more sour cream, extra points for the sweet chilli sauce on the top. Website",,,,,,,,,,,,,,,,,,,,,,,,,,,,,,,,,,,,,,,,,,,,,,,,,,,,,,,,,,,,,,,,,,
2022-02-12-cafe-royale.md,Reviews,post,Cafe Royale,2022-02-12,1,lunch,"MGMR+7G5, Patul Rd, City of Santiago, 3311 Isabela, Philippines",New Zealand,TODO,TODO,TODO,"Palmerston North We ate lunch here in February 2022 Big breakfast Jackfruit burger We haven't been somewhere this shambolic since The Cooperage Cafe, and Cafe Royale was even worse. When we arrived we were fourth in the queue. Ten minutes later we were still fourth in the queue. It was immediately obvious that the cafe was disastrously understaffed, with just two servers running around with their heads on fire instead of taking the orders of the people who were waiting. As can happen when the world is ending, these two were just doing the next thing that appeared in front of them like putting chairs nicely around tables, and stacking the menus in their holder. Priorities, ladies! There was a bizarre queuing system at play. You had to bags a table by leaving your coat or umbrella on it before then queuing up for all eternity. We suppose that they wanted to avoid people getting in the queue, waiting, and then finding out that there were no tables, but frankly they were causing that problem themselves with their glacial service. We had been standing around in the queue for quite a long time when it finally started to move. We were given menus and only one minute later expected to order when we found ourselves at the fabled front of the queue facing a harassed looking server. Perhaps they cater exclusively to speed readers, because the menu was the most packed in and poorly laid out four pages that we've ever seen. Neither of us had read even half the menu, and we panic picked the first thing that sounded alright. We could see the flames around the server's head begin to burn hotter and brighter as she struggled to find what Business Andy had ordered in the POS system. We had to point it out on the physical menu, at which time we found out that it wasn't actually available, not just that day, but ever. Cross it out you numptys! Business Andy was scanning for something new to order when he was accosted by the question, ""are you vegan?"" After answering no, the menu was literally snatched out of his hands by the server, who was completely engulfed in flames at this point, and cried shrilly ""that's the vegan menu!"" While we appreciated that she was attempting to simplify what was a very stressful process, non-vegans are actually allowed to order vegan food. In fact we had just ordered two vegan meals right in front of her. The flames were licking at us, and we panic ordered a big breakfast without reading through what was in it. The wait",this taste like a,combination of tinned tomatoes and,"nothingness, but its juice had spread across the","entire plate, infecting every",other food item. This was a real shame,as,some,of,it,looked,pretty,"good,",but,that,tomato,juice,was,the,kiss,of,death.,At,least,we,salvaged,the,bread,before,it,could,be,"defiled,",and,it,quite,"nice,",as,were,the,cherry,tomatoes,which,had,been,well,roasted.,We,can,see,the,chef,was,"trying,",but,maybe,he,was,trying,too,hard.,Different,is,not,always,better.,"Website"""
2022-02-19-reburger.md,Reviews,post,ReBurger,2022-02-19,3,dinner,"111 Devon Street East, New Plymouth Central, New Plymouth 4310",New Zealand,TODO,TODO,http://www.reburger.co.nz/,"Palmerston North We ate dinner here in February 2022 Dirty Duke BBQ Cheeseburg Onion rings Fried cauliflower Giving ReBurger a rating was quite difficult for us. There is something inherently enjoyable about a burger and fried stuff, which sometimes inclines the Fee-Rex to give a place a higher rating than it perhaps deserves. However, the fact of the matter is that we'd both like to go back and eat another ReBurger, so that means that they fall into the 3 (good) category. Their fellow 3's, Burgerfuel and Shake Out are superior, but ReBurger doesn't belong in the same tier as McDonald's and Carl's Jr. Both burgers were cut from the same, BBQ-ey cloth, the Dirty Duke had a thicker patty, some bacon, and some pickles, but they were otherwise quite similar. They were well constructed, with fresh buns, and well cooked meat patties. The aioli was much more noticeable in the BBQ Cheeseburg, and was sorely missed in the Dirty Duke. The onion rings were hearty, real onion, and a good size, however they were desperately missing a dipping sauce. There was tomato sauce freely available, but that's just not the right accompaniment for an onion ring. Perhaps if we had been given some aioli, we wouldn't have noticed the oily taste in the batter so much. We really liked that they did fried cauliflower, and they were well sized pieces of actual cauliflower instead of just balls of cauliflower mush. They had been criminally over salted, but were really nice otherwise. Website",,,,,,,,,,,,,,,,,,,,,,,,,,,,,,,,,,,,,,,,,,,,,,,,,,,,,,,,,,,,,,,,,,
2022-04-02-cafe-eminem.md,Reviews,post,Cafe Eminem,2022-04-02,2,dinner,"94 Broadway Avenue, Palmerston North Central, Palmerston North 4410",New Zealand,TODO,TODO,https://www.cafeeminem.co.nz/,"Palmerston North We ate dinner here in April 2022 Banana smoothie Iced vanilla Diablo pizza Beef & lamb iskender It's so strange that there are two Turkish/Italian places to eat at in Palmerston North. Similar to Viva Cafe & Bar, Cafe Eminem is trying to be equal parts Turkish restaurant and Italian restaurant, and excelling at neither. Their decor was trying-to-be-fancy-while-not-spending-any-money chic, prominently featuring a fountain right in the middle of the restaurant that was not connected to any water. Cafe Eminem was quiet when we got there, calm and ready to drop bombs, which they did in the form of two very disappointing beverages. The banana smoothie was clearly just crushed ice and ancient bananas, it was the colour of banana cake mix and about as thick. While we applaud the use of paper straws, and appreciate they at least gave wide bore straws, such straws just couldn't handle the fortitude of these drinks. About half way through the drink the straws were completely collapsed. We tried tearing the straw, and turning it upside down, to no avail. The iced vanilla tasted like a watered down McDonald's milkshake and was just as thick as the smoothie. The iskender wasn't too bad. Could have used more salad, and points off for not having any Turkish bread, but at least there was plenty of sauce, the rice was fresh and the meat wasn't dry. The pizza was very heavy on the mozzarella, to the point of stringy absurdity at times. It was pretty flavourless, with the salami being beyond mild, and the onion was raw. Website",,,,,,,,,,,,,,,,,,,,,,,,,,,,,,,,,,,,,,,,,,,,,,,,,,,,,,,,,,,,,,,,,,
2022-04-09-the-verdict.md,Reviews,post,The Verdict,2022-04-09,2,lunch,"189 Bridge Street, Nelson 7010",New Zealand,TODO,TODO,TODO,"Palmerston North We ate lunch here in April 2022 Banana smoothie Beef stroganoff with rice Beef burger and chips The Verdict has been around since 1989 and has recently moved to a cursed building opposite Palmerston North City Council. Will they be able to survive atop the corpses of so many unfortunate cafe's? While we weren't impressed by The Verdict, there were plenty of people there who apparently were. The banana smoothie committed two very serious offences. One was containing banana syrup. The other, even more heinous, was being insufficiently blended with large chunks of banana sitting at the bottom rendering the last inch undrinkable. It's a shame because they had done some things right - the smoothie was large, and a great temperature and texture. But these two sins cannot be forgiven. The stroganoff came from a bain-marie which had a fly hovering around it. Just in case it isn't clear, flies on food = points off. It wasn't really bad, but wasn't good either. And where's the sour cream? The burger was tragically over-saladed. Three huge pieces of tomato. Four giant thick cut diagonal pieces of cucumber. And a full one inch tutu of lettuce protruding around the burger. While the salad was fresh, it was just way, way too much. It completely overshadowed the good elements of the burger, such as melty cheese, a fresh brioche bun, a moist tasty patty and some reasonable sauce. The chips had the flavour and texture of fairground cup-of-chips. It's hard to describe exactly what was different about them, maybe the oil was old? Regardless, they weren't great. The verdict on The Verdict? Meh. Website",,,,,,,,,,,,,,,,,,,,,,,,,,,,,,,,,,,,,,,,,,,,,,,,,,,,,,,,,,,,,,,,,,
2022-04-21-flavour.md,Reviews,post,Flavour,2022-04-21,2,dinner,"3/1315 Tutanekai Street, Central, Rotorua 3010",New Zealand,TODO,TODO,https://boldflavoursnz.com/,"Palmerston North We ate dinner here in April 2022 Bruschetta Panfried fish on Greek salad with potatoes Coconut bubble tea with blueberry bubbles What is Flavour? A restaurant that kind of thinks it's fancy? A karaoke bar? A brunch spot? An ice cream parlour? A takeaway coffee joint? Yes, yes, yes, yes, and yes. As is almost always the case, when somewhere tries to be all things to all people, it ends up being not much. That said, the bruschetta was pretty good. It had giant pieces of tomato on it, which is normally a bad sign, but they pulled it off. The bread was thick, fresh and warm, the ratio of pesto, balsamic and feta was about right. The bubble tea was also pretty good, especially the exploding blueberry bubbles. The fish was not great. The problem wasn't necessarily the fish itself, but the sides. Where were the potatoes? There were literally two pieces of potato in that bowl. And the salad had way too many big whole olives. Maybe if we were reviewing karaoke bars, or ice cream parlours, Flavour would have fared better. But as a dinner spot, while not a disaster, we wouldn't go back again. Website",,,,,,,,,,,,,,,,,,,,,,,,,,,,,,,,,,,,,,,,,,,,,,,,,,,,,,,,,,,,,,,,,,
2022-04-22-pho-nem-hanoi-home-cooking.md,Reviews,post,Pho Nem Hanoi Home Cooking,2022-04-22,3,dinner,"68 The Square, Palmerston North Central, Palmerston North 4410",New Zealand,TODO,TODO,https://www.facebook.com/phonemkiwi/,"Palmerston North We ate dinner here in April 2022 Tofu and shitake mushrooms with rice Pork belly with rice Honey and lemon tea If you manage to impress The Fee-Rex with a plate of vegetables, you're doing something right. While the carrot was overcooked, and the onion undercooked, the sauce was dynamite. The tofu and the rice were both good too. The pork belly was a bit dry, and while it came with a little bit of a salad, the dish was a bit bare-bones overall. It did come with good rice, and another explosive sauce though. The honey and lemon tea had a bit of marmalade at the bottom, and came in the world's cutest cup with a little lid and an adorable teaspoon, we thoroughly enjoyed putting his wee hat back on him after each sip. Website",,,,,,,,,,,,,,,,,,,,,,,,,,,,,,,,,,,,,,,,,,,,,,,,,,,,,,,,,,,,,,,,,,
2022-04-30-nourish-cafe-deli.md,Reviews,post,Nourish Cafe & Deli,2022-04-30,2,lunch,"4 Te Puna Road, Te Puna 3174",New Zealand,TODO,TODO,http://www.cafenourish.co.nz/,"Palmerston North We ate lunch here in April 2022 Banana smoothie Potato rosti with salad Fried chicken with shoestring fries and salad Melting moment Being part of the unpopular food court is tough, but Nourish Cafe & Deli isn't doing much to elevate their station. The banana smoothie was a good temperature, but it was bland and far too thin. The rosti was exciting at first, it was nice to see something different in a cabinet, but it quickly became tiresome as the texture was quite claggy. The only flavour came from the sour cream and sweet chilli sauce that had been generously applied, and the side salad was fresh but boring. The exact same salad featured on the side of the fried chicken, which was fine, but the team at Nourish had clearly forgotten the secret herbs and spices. Shoestring fries were a nice change from the current thick cut paradigm, and there was plenty of mayo for dipping. The highlight was the melting moment. It was fresh and crumbly, and was neither too sweet nor not sweet enough. The icing had a nice soft texture and there was just the right amount of it. We would happily eat this cookie again, which can't be said for the rest of our meal. Website",,,,,,,,,,,,,,,,,,,,,,,,,,,,,,,,,,,,,,,,,,,,,,,,,,,,,,,,,,,,,,,,,,
2022-05-07-beyond-coffee.md,Reviews,post,Beyond Coffee,2022-05-07,2,lunch,"32 Manchester Square, Feilding 4702",New Zealand,TODO,TODO,https://beyond3.odoo.com/,"Feilding We ate lunch here in May 2022 Fish tacos with salad Fried mushrooms on toast Passionfruit and orange smoothie We were surprised to see a clientele of 80%+ grey tops when we walked in, but don't let that paint a picture of one of those old lady cafes with the pie warmers and red plastic trays. The cabinet was actually quite interesting, although we elected to order off the menu. The fish tacos were the weaker offering, the fish itself was just frozen hoki sticks, and while they had toasted the tacos and the chipotle mayo was pretty good, this dish was dragged down by its salad. The side salad was completely undressed, not even a dash of the most basic vinagrette. That's bad enough until you realise that the salad was an add-on to the tacos and cost an additional $3.50. How very dare you!? An undressed salad is a crime, and being charged for it as a separate item is cause for the reintroduction of capital punishment. Seriously, fuck you, $3.50 for that? Not two blocks over, Empire Sports and Garden Bar Restaurant blows this place out of the water on value for money. The mushrooms on toast were actually pretty good. We opted for fried over creamy and were not disappointed. The mushrooms were nicely garlicky, and came with two good thick slices of toast that had been slightly overdone but were still delicious. Extra points that the little butter packets were soft enough to spread, not the usual rock hard straight from the fridge ordeal. The smoothie really should have been a juice. The flavours were weird, and the addition of orange juice meant that it kept separating into a foam layer and a juice layer. Not cool. Website",,,,,,,,,,,,,,,,,,,,,,,,,,,,,,,,,,,,,,,,,,,,,,,,,,,,,,,,,,,,,,,,,,
2022-05-20-leuven-belgium-beer-cafe.md,Reviews,post,Leuven Belgium Beer Cafe,2022-05-20,3,TODO,"135-137 Featherston Street, Wellington Central, Wellington 6011",New Zealand,TODO,TODO,https://www.restauranthub.co.nz/rh2/eats/in-region/wellington-region/in-city/wellington-city/in-suburb/wellington-central/belgian-beer-cafe-leuven/,"Wellington Venison meatballs Cheese fondue with bread Chips Leuven is very Belgian, and they are taking their beer game seriously. This isn't just some bar that's serving Stella and calling it a day, there were literally dozens of different beers. The meatballs were juicy and not too pungent or gamey, with a good tomato sauce. The fondue was very tasty, but absurdly stingy with the bread. It was annoying and confusing to run out of dipping materials one fifth of the way through the fondue. Thankfully we had a bowl of chips, which were thick cut and well suited to dipping. But you shouldn't have to order an extra side to compensate for insufficient bread! And even with the chips Business Andy still ended up bringing down the tone of the establishment by finishing it off with a spoon. Website",,,,,,,,,,,,,,,,,,,,,,,,,,,,,,,,,,,,,,,,,,,,,,,,,,,,,,,,,,,,,,,,,,
2022-06-03-mekong-restaurant.md,Reviews,post,Mekong Restaurant,2022-06-03,1,dinner,"638 Port Road, Whangamatā 3620",New Zealand,TODO,TODO,https://mekongonline.co.nz/,"Feilding We ate dinner here in June 2022 Khao phad with tofu Gaeng Panaeng with beef and rice You may have noticed a pattern when Business Andy and The Fee-Rex visit Thai places. The Fee-Rex almost always orders a tofu pad thai, and Business Andy generally orders a Massaman Curry. Tonight we decided to branch out, and we were not rewarded. The khao phad, which is fried rice with scant vegetables, was passable. The rice itself tasted a bit oily, but the tofu was top notch and it came with lime which was very welcome. The gaeng panaeng, which is supposed to be a rich peanut flavoured curry, was disgusting. To be more specific, the meat was revolting. Chewy, rubbery, gristly, fatty, bleugh. The sauce was bland. And the waitress waited until the curry was on the table before asking us if we wanted to order rice. At least the food came out quick, but that just meant we found out how expensive it was faster. Fifty dollars for a mediocre fried rice and a gross curry, not cool. Website",,,,,,,,,,,,,,,,,,,,,,,,,,,,,,,,,,,,,,,,,,,,,,,,,,,,,,,,,,,,,,,,,,
2022-07-02-joseph-street-kitchen.md,Reviews,post,Joseph Street Kitchen,2022-07-02,3,TODO,"55A Joseph Street, West End, Palmerston North 4412",New Zealand,TODO,TODO,https://www.coffeegogo.co.nz/,"Palmerston North Feta and blue cheese tart Calzone with meat New York cheesecake Banoffee (banana and coffee) smoothie The Joseph Street Kitchen, or JSK as the locals say, was a bit frantic. It was being staffed by two stressed out older ladies who informed us they were very short staffed and that only the cabinet menu and eggs were available. Luckily the cabinet was brimming with good-looking choices. The tart was sensational, light and fluffy, great flavour with enough blue cheese in it to make it blue-cheesy, but still had a nice sharp flavour like the feta too. It was paired with a little grated beetroot salad which went really well with the tart, and a relish too. The 'calzone with meat' was poorly named but tasted good. The construction was interesting. JSK offers both a vegetarian and a meat calzone. They're the same product, with both being stuffed with mushroom and having cheese on top, but the meat one had bacon on top too. Was it really a calzone? It certainly wasn't pretty, but it definitely got the job done. The highlight was the New York cheesecake which was a hands down 10/10. The base was a great texture and just the right thickness. The body had a great flavour and texture, silky and delicious. Paired nicely with the side yoghurt too. The banoffee smoothie was a let down. It was more like an average iced coffee. You could barely detect the banana, and the texture was very thin. Website",,,,,,,,,,,,,,,,,,,,,,,,,,,,,,,,,,,,,,,,,,,,,,,,,,,,,,,,,,,,,,,,,,
2022-09-10-yatra-restaurant.md,Reviews,post,Yatra Restaurant,2022-09-10,2,TODO,"shop 5/687 Fergusson Drive, Elderslea, Upper Hutt 5018",New Zealand,TODO,TODO,https://yatrarestaurant.co.nz/,"Upper Hutt Reshmi paneer with rice and plain naan Malai kofta with rice and cheese naan Yatra was a funny mix of highs and lows. The instantly noticeable low on arrival was the ambiance, or lack thereof. 7.45 on a Friday night and we were the only people dining in, with individuals passing in and out sometimes for takeaways. Practically as silent as a grave. And whereâ€™s the Bollywood jams? It was so quiet that it was uncomfortable, and made you feel like you couldnâ€™t talk. It also made the noise of the hardest working chef in the kitchen very clear. Chef Mic(rowave). He was constantly beeping away, door opening and closing. This seemed very unusual. Weâ€™ve watched enough Kitchen Nightmares to know Chef Mic doesnâ€™t belong in a commercial kitchen, and this restaurant had two, front and centre right by the pass. And they were working simultaneously. What was going in there? We did see our rice pop out of Chef Mic - why was the rice being reheated? How old was it? The Fee-Rex used to work at an Indian Restaurant that re-heated its rice, and that place was absolutely disgusting. The other big fail was the malai kofta. The sauce was totally flavourless, and the koftas were unusual. They were big turds of stodgy potato with sultanas in the centre. The plain naan was peculiar too, it was somehow extra plain and pretty dry. Was it made with wholewheat flour? We are pleased to report, however, that Yatra had the best cheese naan Business Andy has had in years. No mozzarella! Actual cheese with flavour! It wasnâ€™t quite perfect, it could have used more cheese and better distributed too. But in a field of stringy flavourless naan, this one definitely stood above the rest. The reshmi paneer sauce was good too, earthy and rich. It was let down by the presence of wilted old capsicum (to give you an indicator of texture, on initial chewing we thought it was mushroom - perhaps Chef Mic had prepared it), and they had fried the paneer which was controversial. Website",,,,,,,,,,,,,,,,,,,,,,,,,,,,,,,,,,,,,,,,,,,,,,,,,,,,,,,,,,,,,,,,,,
2022-10-21-vivs-kitchen.md,Reviews,post,Vivs Kitchen,2022-10-21,2,lunch,"9 Dundas Road, Sanson 4817",New Zealand,TODO,TODO,http://vivskitchen.co.nz/,"Sanson Boysenberry cream horn Pork riblet roll Chips Viv's Kitchen is a Sanson institution, with its iconic giant cream horn on proud display on State Highway 1. Unsurprisingly, the place was packed. Unfortunately, the experience failed to live up to the hype. The chips were particularly disappointing, they were dry and floury. Dousing them in sauce to remedy this backfired, as the sauce was the cheapest watery tomato sauce available; our friend's description of the sauce as being ""straight from 1993"" was apt. The pork riblet roll was a little controversial, as The Fee-Rex thinks pork riblet is disgusting at the best of times. Business Andy, being the most basic of bitches thought it was pretty good though. As to the signature dish, the cream horn, it was fresh and choccablock with real cream as it should be. But did it send us singing from the hilltops, no. Website",,,,,,,,,,,,,,,,,,,,,,,,,,,,,,,,,,,,,,,,,,,,,,,,,,,,,,,,,,,,,,,,,,
2022-10-24-the-mess-tent.md,Reviews,post,The Mess Tent,2022-10-24,2,lunch,"Military museum, Waiouru 4861",New Zealand,TODO,TODO,TODO,"Waiouru We ate lunch here in October 2022 Beef nachos Cinnamon, marscapone and blueberry bagel Banana smoothie The Mess Tent is the cafe at the Waiouru Army Museum, the kind of place you stop for lunch when you're driving down State Highway 1. It's clean and tidy, bathrooms, a big carpark and a tank that kids can play on, which is all that a lot of travelling families require. But we have more discerning tastes, and we won't stand for anywhere skating by on convenience alone. The smoothie was truly criminal. Chunks of ice. Too thin. Sour taste from the yoghurt. No good banana flavour, probably a green banana. Very unpleasant. The nachos were better, good chips, reasonable mince, but there weren't enough chips for the amount of mince present. They'd made some special effort on the bagel, which was much appreciated, especially as this can be a real throwaway menu item. But they'd perfectly buttered it, added some cinnamon, and the marscapone and blueberries were spot on. Unfortunately our souls had already been crushed by the smoothie, which made it hard to enjoy anything. You'd be better off going to The Rustic Eating House. Website",,,,,,,,,,,,,,,,,,,,,,,,,,,,,,,,,,,,,,,,,,,,,,,,,,,,,,,,,,,,,,,,,,
2022-12-02-wholly-bagels-pizza.md,Reviews,post,Wholly Bagels & Pizza,2022-12-02,2,dinner,"39 Murphy Street, Thorndon, Wellington 6001",New Zealand,TODO,TODO,http://www.whollybagels.co.nz/,"Thorndon, Wellington We ate dinner here in December 2022 Pastrami bagel Pork sausage, fennel seed, mushroom, and red onion pizza You know a restaurant has a sad vibe when you walk in and ask if the kitchen is open. What a dive. Looks like this place was built 20 years ago and hasn't been cleaned or had any maintenance since. The food was okay, although they might have been a bit heavy handed with the fennel seeds on the pizza. Bit of a buzz-kill overall. Website",,,,,,,,,,,,,,,,,,,,,,,,,,,,,,,,,,,,,,,,,,,,,,,,,,,,,,,,,,,,,,,,,,
2022-12-13-trax.md,Reviews,post,Trax Cafe & Bar,2022-12-13,1,dinner,"Wellington Railway Station, Cnr Featherston Street & Platform, 1 Bunny Street, Pipitea, Wellington 6011",New Zealand,TODO,TODO,http://www.traxbar.co.nz/,"Pipitea, Wellington Seasoned wedges with salsa and sour cream Nacho chips with beef mince, cheese, salsa, and sour cream Trax is located in the busy Wellington train station and caters to the commuter crowd. As such, their prime meal times are breakfast and lunch. In the evenings they focus on drinks for folks at the end of the day before their trip home. Figuring they will have a meal waiting for them, they only serve bar snacks in the evening. And fair enough. But Trax, there's no reason those bar snacks can't be good. We watched with horror as our wedges sat on the pass (not even under a heat lamp) for an inordinate amount of time while the chips were being cooked. It's fry cook 101, you need to time your frying so dishes are done at about the same time. Unsurprisingly the wedges were tepid. They had also been slathered in a very boring salsa, we would much rather have had the option to dip. The sour cream was on the side, where it belonged, and was a good amount and texture. The nacho chips were a bummer. There was very little mince, and what was there wasn't pleasant. Who puts cooked carrot cubes in nacho mince? There also wasn't a lot of cheese, and the same unfortunate salsa was present. At least they'd got the sour cream right a second time in a row. Trax, you should put in some effort, or stop doing bar snacks. You should also clean your carpet, it stinks in there. Website",,,,,,,,,,,,,,,,,,,,,,,,,,,,,,,,,,,,,,,,,,,,,,,,,,,,,,,,,,,,,,,,,,
2022-12-16-where-s-charlie.md,Reviews,post,Where's Charlie,2022-12-16,3,dinner,"21 The Strand, Onetangi, Auckland 1081",New Zealand,TODO,TODO,http://www.charliefarleys.co.nz/,"Pipitea, Wellington Grilled lemongrass beef with rice and salad Yellow curry with beef and rice Iced coffee with condensed milk Perhaps the best thing that the French have ever done was introduce coffee to Vietnam. We loved the iced coffee, it was deliciously coffee-ey, which was balanced out nicely by the condensed milk. We expected a bit more beef to be in the curry, which was good otherwise. It was a very delicate and interesting flavour, and the vegetables were fine, but where was the beef? We only found about three or four small pieces in there. To be fair, the meat is often the worst part of a curry, so it's not like we were really upset, it just wasn't quite what we expected. Perhaps they blew their beef budget on the lemongrass beef dish, which was essentially a large pile of slightly sus beef, with salad and rice on the side. The beef was dry fried, was perhaps a bit overdone, and was definitely a bit gristly. The salad's dressing was in a separate bowl, a nice touch. Website",,,,,,,,,,,,,,,,,,,,,,,,,,,,,,,,,,,,,,,,,,,,,,,,,,,,,,,,,,,,,,,,,,
2022-12-31-lunch-money.md,Reviews,post,Lunch Money,2022-12-31,2,breakfast,"35 Ghuznee Street, Te Aro, Wellington 6011",New Zealand,TODO,TODO,https://www.lunchmoney.co.nz/,"Te Aro, Wellington We ate breakfast here in December 2022 Mushroom pizza bread Vanilla, peach tea, and strawberry donut Chai latte Banana, peanut butter, and cacao smoothie Lunch money did some things quite well. The service was fast and super friendly. There is no cooked menu, but their cabinet had quite a few items in it that looked nice. The donut was pretty good, although half the glaze fell off it as we ate. The drinks were middling, and unfortunately the pizza bread was burnt. You can't serve something that blackened and hope to get anything higher than a 2. Website",,,,,,,,,,,,,,,,,,,,,,,,,,,,,,,,,,,,,,,,,,,,,,,,,,,,,,,,,,,,,,,,,,
2023-01-26-latitude-37.md,Reviews,post,Latitude 37,2023-01-26,3,dinner,"181 Maunganui Road, Mount Maunganui 3116",New Zealand,Bay of Plenty,Mount Manganui,https://stargroup.nz/venues/latitude-37,"Arancini balls Pork belly Fried cauliflower Duck liver pate Chocolatete mousse dome Creme brûlée At Latitude 37 everything was good, but nothing was excellent. Across the board there were no standouts in either direction, it was just universally enjoyable. They could do with turning the music down a few decibels as you definitely had to shout especially once the live music started. And shout to their cocktail menu, especially the clockwork orange.",,,,,,,,,,,,,,,,,,,,,,,,,,,,,,,,,,,,,,,,,,,,,,,,,,,,,,,,,,,,,,,,,,
2023-01-26-mother-of-coffee.md,Reviews,post,Mother Of Coffee,2023-01-26,3,dinner,"210A left bank, Cuba Street, Te Aro, Wellington 6011",New Zealand,TODO,TODO,https://motherofcoffee.co.nz/,"We ate dinner here in January 2023 Vegan shared meal for three Mother of Coffee is an Ethiopian restaurant, and a new cuisine for Business Andy and the Fee-Rex. The shared meal was 4 lentil and chickpea dishes, one dish of extremely hot chilli, and a flat grey fluffyish pancake each, which you tear and dip into the curries. There was plenty of food - we bought extra pancakes which was a mistake. The flavours were good and diverse, and the pancake was a fun dining experience. It would have been nice if the pancake was made fresh, it was a bit on the cool side. Website",,,,,,,,,,,,,,,,,,,,,,,,,,,,,,,,,,,,,,,,,,,,,,,,,,,,,,,,,,,,,,,,,,
2023-02-24-yum-yum-house.md,Reviews,post,Yum Yum House,2023-02-24,2,dinner,"2 Oxford Street, Tawa, Wellington 5028",New Zealand,TODO,TODO,https://yumyumhouse.co.nz/,"Tawa, Wellington We ate dinner here in February 2023 Orange beef & rice Mee goreng Yum Yum House is your typical westernised Chinese joint. They have dispensed with the chicken feet and jellyfish, but have kept all your fried favourites. The decor was, to put it generously, dated. We're talking floral embroidered chairs with shiny thread, plastic grapes and valences hanging from the ceiling. It was none too clean either, with the Fee-Rex finding a used serviette on her seat and plenty of rice under the table. Perhaps as a result of this, dine-in was empty and the restaurant was quiet except for the owners child being entertained by the young teenage wait staff. While the mood in the restaurant wasn't cheerful, the meals sure were cheap. The orange beef sauce was overly sweet. However, they had done a number of things right. The meat wasn't gristly, it was well fried, they'd added sesame seeds, the onion and carrot were cut small, and the lettuce was fresh. The three (!) meats that came with the mee goreng weren't quite the same calibre, but were passable, and didn't ruin what was otherwise a reasonable dish. Website",,,,,,,,,,,,,,,,,,,,,,,,,,,,,,,,,,,,,,,,,,,,,,,,,,,,,,,,,,,,,,,,,,
2023-05-12-english-dhaba.md,Reviews,post,English Dhaba,2023-05-12,2,TODO,"6 Collins Avenue, Tawa, Wellington 5028",New Zealand,TODO,TODO,https://englishdhaba.co.nz/,"Tawa, Wellington Malai kofta with rice and plain naan Bombay aloo with rice and cheese & garlic naan The decor in this place was ðŸ”¥. Literally. As in, the place had been on fire. There were smoke stains up the walls and soot all over the ceiling. Perhaps this was why they left the door open sweeping in icy night air for the entire meal. They didn't really seem to give any consideration to the idea that people might like to dine in. To be fair, take away is clearly their bread and butter and they were doing a very steady trade. Strangely, they didn't ask us how hot we wanted our curries. Instead they just bought us whatever, which was one mild and one medium. The malai kofta (mild) was insanely sweet. Even the koftas themselves were sweet, but had a heck of a texture, so bouncy and soft. Those sweet koftas in a less sugary sauce could have been a great dish. The Bombay aloo came out medium. It also came out boiled, despite the menu explicitly stating the potatoes would be deep fried. It was otherwise okay. The naans were pretty good. They were both soft and bready, not too much cheese with the garlic, and a nice sprinkling of herbs and some oil on the plain. Watch out when it's time to pay though - we were accidentally (or intentionally?) overcharged by like 40%. Worse still, we didn't realise until we were half way home and too lazy to turn around. Website",,,,,,,,,,,,,,,,,,,,,,,,,,,,,,,,,,,,,,,,,,,,,,,,,,,,,,,,,,,,,,,,,,
2023-06-09-the-shepherd-s-arms-hotel.md,Reviews,post,The Shepherd's Arms Hotel,2023-06-09,1,dinner,"285 Tinakori Road, Thorndon, Wellington 6011",New Zealand,TODO,TODO,http://www.shepherds.co.nz/,"Thorndon, Wellington Beef fillet with mushroom sauce, potatoes and salad Pan fried gurnard with potatoes, cherry tomatoes, and broccoli Let's talk about wait service. We appreciate that hospitality is a hard industry. The pay sucks, the hours suck, there's high turnover, and it's hard to get staff. Excellent service is a rarity, and we don't expect it. But we do hope for service to meet certain basic standards. To be offered another drink when an empty glass is cleared (don't they know that's where the restaurant makes their money?) To be offered dessert at the end of the meal. To be given a steak knife with your steak. For the server to know what is on the menu. For the server to accurately convey your order to the kitchen. Unfortunately, the service at The Shepherds Arms Hotel met none of these hopes. The steak was the best part of the meal. It was a nice piece of meat, well cooked, with a tasty mushroom sauce. The potatoes that came out were roasted, not mashed like we had ordered. That said, they were pretty good, crispy on the outside but slightly underdone. The salad was bad. It was just lettuce and spinach, and the ""vinaigrette"" was pure oil with a few mustard seeds thrown in. To make matters worse, it wasn't mixed through the leaves adequately so it was all in an oily pool at the bottom. The fish was pretty sad. It was certainly not $36 worth, and it was dry on the outside, although inner moisture was adequate. The hollandaise was flavourless and there wasn't much of it. The broccoli wasn't hot, although we did appreciate it had some char on both sides. It came with a slice of lemon that was at least three years old, bone dry on both cut surfaces. What?! Just cut the edges off you idiots, we would never have known! The whole experience came off as pretty careless. Website",,,,,,,,,,,,,,,,,,,,,,,,,,,,,,,,,,,,,,,,,,,,,,,,,,,,,,,,,,,,,,,,,,
2023-07-07-nando-s.md,Reviews,post,Nando's,2023-07-07,2,dinner,"360 Queen Street, Auckland CBD, Auckland 1010",New Zealand,TODO,TODO,https://www.nandos.co.nz/?utm_source=google&utm_medium=organic&utm_campaign=gmb-website&utm_term=NANDOSQUEENST,"Te Aro, Wellington Halloumi burger Chicken tenders Peri Peri chips Cheesy pita bites We ate dinner here in July 2023 Whoa Nelly, was it smoky in Nando's. We opened the door and walked into a room full of lung clogging smoke and it did not let up the whole time we were there. Later on in the piece the staff opened the door, but that wasn't nearly enough. This was Courtney place Nando's which is quite large, smoking it out was actually a rather impressive feat. Despite the kitchen being on fire, the dining experience was unfortunately not on fire. They encourage you to order with your phone and a QR code at your table. And while that's not a problem in and of itself, the menu on the table doesn't quite marry up with the order of the phone menu, and a few things were just straight up missing. It was clearly just their standard takeaway menu, but rather than saying pickup or delivery you say I'm at table eleven. We don't think it would have taken a lot to switch up the table menus to match the app, or the app to match the tables. And would it have killed them to edit things a little so that dine in customers didn't still have to give their full name, phone number and email. What is that information for? You know where I am, table eleven! Plus, where was the cutlery. We think most people eating sauce covered grilled chicken would take a fork if offered, which we weren't. We did see other tables using cutlery, but we don't know where they got it from. It's also worth noting that some people ordered at the counter while we were there, but the menu instructions specifically tell you to order using the QR code, so that's apparently how they want things to run. Into the food. The cheesy pita was the best of it, hot and soft with a good amount of garlic. The cheese could have been more flavourful and it was a little oily, but still very enjoyable. The chips were dry as hell. We don't mean they needed a sauce, we mean the actual potato in the chips itself was dry. Thank god for the peri peri sprinkle otherwise those chips would've been just plain bad. Speaking of dry, the tenders were next. They hadn't reached the chips level of dryness, but the chicken was unfortunately overdone. The peri peri sauce slathered all over them was okay, we got mild but aren't going to be going out if our way to purchase a bottle The burger was a disappointment. Anytime a halloumi burger is on offer you have our attention. But they'd screwed it up by badly undercooking the",,,,,,,,,,,,,,,,,,,,,,,,,,,,,,,,,,,,,,,,,,,,,,,,,,,,,,,,,,,,,,,,,,
2023-07-08-whistling-sisters-beer-co.md,Reviews,post,Whistling Sisters Beer Co,2023-07-08,3,lunch,"100 Taranaki Street, Te Aro, Wellington 6011",New Zealand,TODO,TODO,TODO,"Te Aro, Wellington We ate lunch here in July 2023 Arancini balls Fried chicken Bread with dips Braised beef in butternut bread Whistling Sisters serves their meals tapas style - food comes out whenever its ready, and its made for sharing, which we love. We definitely looked down on our neighbouring table who ordered one plate each and absolutely refused to share, even though two of the dudes had bought large charcuterie platters. Weird. We ordered our four dishes off the main menu, which had ample choice. However we were disappointed to later learn by watching another table be seated that there were two other menus (one brunch and a special one for Matariki) that our waitress didn't even offer us. For shame! The food was mostly good. The bread was fresh and warm with pleasant hummus and a mustardy as dipping sauce. The braised beef in butternut bread is really a taco, which was unexpected but yummy. As a single taco in a thick shell, it was a little hard to share. The chicken wings were an entire wing, from shoulder to phalanx. Practically, this was a bit of a problem. They were very liberally sauced, so pulling apart the wing to eat it was one of our messiest experiences to date. The chicken itself was lovely and moist, with crispy skin, and the sauce had great flavour. The arancini was the worst offering. It had done everything right - good presentation, crispy, nice texture on the rice without clagginess - except it was practically flavourless. According to the menu the flavours were capsicum, parmesan and squid ink with a wasabi mayo. In reality, you could see but not taste the squid ink, the capsicum was a single micro-sliver that was really a garnish atop the ball, the parmesan was barely detectable, and the wasabi mayo completely non-wasabi. Website",,,,,,,,,,,,,,,,,,,,,,,,,,,,,,,,,,,,,,,,,,,,,,,,,,,,,,,,,,,,,,,,,,
2023-07-21-kebabs-on-queen.md,Reviews,post,Kebabs On Queen,2023-07-21,2,TODO,"12 Remuera Road, Newmarket, Auckland 1050",New Zealand,TODO,TODO,http://kebabsonqueen.co.nz/,"Te Aro, Wellington Falafel kebab on rice (this is an iskender) Lamb on kumara chips While it is possible to dine in at Kebabs on Queen, and they don't frown on it, even providing a bin and disposable cutlery, we wouldn't say they were encouraging dine in. On a cold Wellington night the double doors were propped wide open, beckoning the steady flow of drunk kebab shufflers. Also, the stools were too short for the bench by the window. The place was staffed by just one depressed guy. While he was getting away with this at the time we went in, it would only take a few more customers before he would be overwhelmed. The iskender, or kebab on rice as they call it for some reason, was pretty good. The rice was sticky, plenty of sauce, reasonable falafel, and fresh salads in a good ratio. And no godawful big chunks of red onion. The kumara chips aren't great for meat on chips. It felt like a bit of a novelty, maybe a trap for people who are sick of the usual meat on potato chips. While the kumara chips themselves were pretty good, they have a distinct flavour which just doesn't work as meat on chips. Regular potato chips would have been better. Website",,,,,,,,,,,,,,,,,,,,,,,,,,,,,,,,,,,,,,,,,,,,,,,,,,,,,,,,,,,,,,,,,,
2023-07-28-tequila-joe-s.md,Reviews,post,Tequila Joe's,2023-07-28,3,dinner,"43 Vivian Street, Te Aro, Wellington 6011",New Zealand,TODO,TODO,http://www.tequilajoes.co.nz/,"Te Aro, Wellington We ate dinner here in July 2023 Beef brisket nachos Fish tacos Let's talk in-restaurant movies. We're certainly not against the idea, you'll recall how pleased we were to see Space Jam at Burger Liquor. Tequila Joe's was playing an illegal download of Django Unchained complete with FOR YOUR CONSIDERATION intermittently at the bottom of the screen. That movie is dope and we've seen it multiple times. But for a restaurant? There is gory violence, nudity, and torture. They did play it in black and white which helped tone it down, but still, it was a surprise. At least you couldn't hear the audio. The place was packed (Django Unchained is a popular movie after all) and we were lucky to get a table. The staff were really nice, but weren't very organised. There were four staff whom we observed with increasing scrutiny the longer we waited for our meals. It was a shemozzle, they seemed to lack defined jobs, there was a lot of double handling, and overall they seemed flustered and without purposeful direction. They were doing a steady takeaway trade which slowed down an already slow kitchen so we ended up waiting 45 minutes for our meal. When the food arrived, it was worth the wait. The fish tacos were simple with fresh flavours, crispy battered fish, and we liked how they'd seared the taco shells. The beef nachos were also really nice. We were surprised that the brisket came as big chunks as this was pretty awkward to load onto the corn chips. But the flavours were really good, we liked the liquidy queso in particular. Bookings recommended. Website",,,,,,,,,,,,,,,,,,,,,,,,,,,,,,,,,,,,,,,,,,,,,,,,,,,,,,,,,,,,,,,,,,
2023-08-11-hillside-kitchen.md,Reviews,post,Hillside Kitchen,2023-08-11,4,dinner,"241 Tinakori Road, Thorndon, Wellington 6011",New Zealand,TODO,TODO,http://www.hillsidekitchen.co.nz/,"Thorndon, Wellington We ate dinner here in August 2023 Degustation Hillside Kitchen is all about locally grown this, sustainable that, organic the other. That's all well and good, as long as the food delivers. And oh boy, did it deliver. This was a 10 course vegetarian degustation, and absolutely everything was made with great care, skill, and a little bit of style. The ingredients were unusual to say the least. Every dish had at least one ingredient we'd never heard of, including a lot of NZ native produce. They managed to turn some of our least favourite vegetables into standout dishes, which we feel is the mark of a truly great restaurant.",,,,,,,,,,,,,,,,,,,,,,,,,,,,,,,,,,,,,,,,,,,,,,,,,,,,,,,,,,,,,,,,,,
2023-08-11-romans-kitchen.md,Reviews,post,Romans Kitchen,2023-08-11,2,dinner,"134 High Street, Hutt Central, Lower Hutt 5010",New Zealand,TODO,TODO,https://romanskitchen.co.nz/,"Te Aro, Wellington We ate dinner here in August 2023 Macaroni cheese burger Chicken bites on curly fries After an evening movie, it was 9.30 on a Wednesday when we went looking for a place to eat. After a couple of places had closed kitchens, we had some concerns. Luckily Romans Kitchen, with a menu appealing to the late night stoner crowd, was still pumping. Not pumping for dine-in, which seems to be a throwaway part of their business, but pumping for Uber eats certainly. Everybody loves fatty fried food, but it's surprisingly hard to serve a good, let alone a great, meal of it. Pauly's Diner is a shining beacon showing that it can be done, but most fried eateries are poor to middling. Romans Kitchen falls into this category. The chicken bites were a bit dry, and the sauce combination atop (mayo and tomato) was uninspired. Curly fries are a bad choice of bedding for chicken bites. It was very difficult (especially with the plastic forks provided) to get a forkful of chicken and potato together, with the curly fries spronging away and breaking under fork pressure. Getting curlies instead of regular fries was an ""upgrade"" for which we paid a premium, but regular chips would have been better. The macaroni cheese burger was not good. Despite not mentioning chicken on the menu description, this is a chicken burger with a layer of macaroni cheese, not a macaroni cheese burger. The firmness of the chicken causes all the macaroni just to squish out everywhere when you bite into it, and it was falling apart left right and centre. Add to this the fact that the flavours were nothing special and you come to the conclusion that this burger was not worth the effort.",,,,,,,,,,,,,,,,,,,,,,,,,,,,,,,,,,,,,,,,,,,,,,,,,,,,,,,,,,,,,,,,,,
2023-08-25-the-residence.md,Reviews,post,The Residence,2023-08-25,2,dinner,"122 Courtenay Place, Te Aro, Wellington 6011",New Zealand,TODO,TODO,TODO,"Te Aro, Wellington We ate dinner here in August 2023 Beef nachos Halloumi burger with chips Anywhere that switches songs halfway through the solo in Hotel California had an uphill climb to impress Business Andy and The Fee-Rex. The Residences decidedly unremarkable meals did nothing to sway our opinion. Perhaps we are being a bit harsh, after all The Residence is a bar first and foremost. Their priority is selling a lot of drinks, playing loud music (up to the good bit at least) and offering fried food that is quick and easy to cook, and that you can eat with your hands. They managed above average in burger construction, and we approved of the shredded lettuce and the onion jam. On the whole, the burger was reasonable. Special shout out to the legend in the kitchen that put way more halloumi in there then we expected. We can't dress up the nachos, they just sucked. All the elements were there, they just messed them all up. Broken chips, flavourless beef mince, awful salsa and guacamole, and nowhere near enough of either. And what's more, the dish itself was too small for what we paid. Website",,,,,,,,,,,,,,,,,,,,,,,,,,,,,,,,,,,,,,,,,,,,,,,,,,,,,,,,,,,,,,,,,,
2023-08-26-orient.md,Reviews,post,Orient,2023-08-26,3,lunch,"29b College Street, Te Aro, Wellington 6011",New Zealand,TODO,TODO,http://orient-nz.com/,"Te Aro, Wellington We ate lunch here in August 2023 Roast vegetable wrap Lemongrass & tofu ramen Orient is an importer and distributor of Asian ceramics. If you went by their website, you'd think that's all they do. But they also run a side hustle of a small cafe. It's only 5 tables nestled into their store, so cross your fingers you get a seat. Places jamming in an eatery as an added extra isn't always a good thing, as we experienced just last night. But the food at Orient was so good, they could do it as their sole venture. The roast vegetable wrap was the true hero. We are still reeling. The vegetables were roasted to perfection, dressed in a super tasty sauce and had plenty of seeds for crunch. Then the wrap, oh, the wrap. Begone, bland flatbread. This wrap was a pan fried roti and it was spectacular. Despite being reheated from the cabinet you'd swear it was made fresh. Excellent. The ramen was also strong, especially for a vegan offering. In our experience, it's hard to do a good vegetarian ramen, let alone a vegan one. It was lovely and hearty with great broth. And both meals were pretty good value for money, especially for a central city location. Website",,,,,,,,,,,,,,,,,,,,,,,,,,,,,,,,,,,,,,,,,,,,,,,,,,,,,,,,,,,,,,,,,,
2023-10-18-jack-hackett-s-irish-pub.md,Reviews,post,Jack Hackett's Irish Pub,2023-10-18,2,dinner,"52 Taranaki Street, Te Aro, Wellington 6011",New Zealand,TODO,TODO,https://gibbonshotel.co.nz/?utm_source=google&utm_medium=organic&utm_campaign=gmb&utm_term=plcid_2151525032168407815,"Te Aro, Wellington We ate dinner here in October 2023 Steak, eggs and chips Jackfruit burger with chips and aioli The best part about our experience at Jack Hackett's was undoubtedly the live music. We are certainly not always fans of live music in bars/restaurants. Sometimes the music is just plain bad, at other times they're just oppressively loud, and sometimes it just doesn't work. But this was spot on. Music volume very clearly audible but you could still hold a conversation, she had a great voice, and the songs were familiar bangers all the way down (except Heart of Glass, sorry not sorry, Blondie). The food wasn't on par with the music. We made the very traditional order of steak, eggs and chips as it was $20 steak Wednesdays and we love a bargain. The cook on the steak was as we had requested, and the quality of the meat was reasonable for that cut. The eggs were a bit underdone with some raw albumin glooping about. The chips were mediocre and came with a watery aioli. The jackfruit burger had highs and lows. The jackfruit itself was great, juicy and flavourful, somebody could trick you into thinking it was pulled meat. The coleslaw in the burger was neutral, not offensive but not notably good. The BBQ sauce was similarly mediocre. The bun was insanely dry, just a cheap hamburger bun that was past its best by date.",,,,,,,,,,,,,,,,,,,,,,,,,,,,,,,,,,,,,,,,,,,,,,,,,,,,,,,,,,,,,,,,,,
2023-10-20-rustic-eating-house.md,Reviews,post,Rustic Eating House,2023-10-20,3,lunch,"27 State Highway 1, Waiouru 4825",New Zealand,TODO,TODO,TODO,"Waiouru We ate lunch here in October 2023 Polenta chips Chicken burger Roast vegetable salad Rustic Eating House is pretty pleased with itself. They are very excited about being a quality restaurant on the side of SH1 where you wouldn't expect to find such a place. A while they're not bad by any stretch, they aren't quite living up to their own hype. The polenta chips themselves were hot and fresh but a bit thinner than ideal. They came with an excellent sauce - a lemony aioli with pesto in it. The chicken burger was quite special, it was a bit spicy and had some interesting seasoning going on. The chips were chunky and well sized. The roast vegetable salad was a disappointment. The vegetables were all cooked, but not well coloured or crispy, and it just didn't have a lot going, although we appreciate the addition of seeds. A note on the Rustic Eating House (Waiouru) versus the Rustic Steak House (Taihape). They are part of the same group, having different but overlapping menus and refer to themselves as 'brother' restaurants. As such, we've reviewed them separately. Website",,,,,,,,,,,,,,,,,,,,,,,,,,,,,,,,,,,,,,,,,,,,,,,,,,,,,,,,,,,,,,,,,,
2023-10-22-taihape-bakery-cafe.md,Reviews,post,Taihape Bakery & Cafe,2023-10-22,3,lunch,"79 Hautapu Street, Taihape 4720",New Zealand,TODO,TODO,TODO,"Taihape We ate lunch here in October 2023 Steak and pepper pie Potato stuffed sausage Banana and cream pancake What a pleasant surprise this place was. We've been burned at cafes that look just like this in the past, with the hot and cold cabinets, the trays, the sterile seating area, and the often telling emptiness. Taihape Bakery & Cafe bucks this trend though, with very good food, although the ambiance could stand to be improved. The steak and pepper pie was just a great pie, great pastry, a lovely meat filling, and a warm peppery flavour that was hot, but not too hot. The potato stuffed sausage did let them down a bit though, had this been a more interesting sausage, and had they seasoned the mash, it could have been a success. And finally the banana and cream pancake was just a fluffy delight. It was full of whipped cream, slices of banana, and a little bit of jam, it really put a smile on Business Andy's dial. A bit of a diamond in the rough, this one. Taihape Bakery & Cafe has no website.",,,,,,,,,,,,,,,,,,,,,,,,,,,,,,,,,,,,,,,,,,,,,,,,,,,,,,,,,,,,,,,,,,
2023-10-27-top-kitchen-bbq-hot-pot.md,Reviews,post,Top Kitchen BBQ & Hot Pot,2023-10-27,2,dinner,"NZ, 88 Tory Street, Te Aro, Wellington 6011",New Zealand,TODO,TODO,TODO,"Te Aro, Wellington We ate dinner here in October 2023 Mushroom broth hot pot Chicken skewers Pork skewers Beef meatballs Fried dumplings We are new to Hot Pot dining so Top Kitchen was a bit exciting for us and had an opportunity to set a bar to meet. Turns out, the bar isn't very high. It wasn't all bad - the broth was very nice, so was the chicken, and the homemade chilli and satay sauces were great. The dumplings were middling, and they offered no selection beyond fried versus steamed. We assume what we got was pork, and that's supported by the gristle, but who really knows. Speaking of gristle, Jesus were the meatballs bad. Worst meat we've had in some time. Not only were they gristly, the flavour was vile. How old were they? And they texture was slimy and rubbery. Bleugh. Website",,,,,,,,,,,,,,,,,,,,,,,,,,,,,,,,,,,,,,,,,,,,,,,,,,,,,,,,,,,,,,,,,,
2023-11-03-top-taste-restaurant.md,Reviews,post,Top Taste Restaurant,2023-11-03,2,dinner,"1 Hagley Street, Porirua City Centre, Porirua 5022",New Zealand,TODO,TODO,http://www.toptaste.co.nz/,"Porirua We ate dinner here in November 2023 Orange steak Satay hot plate with beef Rice Delusions of grandeur; the restaurant. They had the checklist of things that made you fancy, and boy howdy they checked every single one off it. Tasteless chandelier, check, smooth jazz playing, check, ""leather"" seats, check. Top Taste serves a mish-mash of Asian cuisines, with Chinese, Korean, Singaporean and Malaysian all featuring on the menu. This is generally a red flag for someone just trying to cherry pick the dishes from each culture that most appeal to kiwi tastes. The satay hot plate was not enjoyable. It was generic sauce satay, not peanut satay, so basically just brown meat sauce. The meat was neither chewy nor gristly, but it had only reached the bare minimum for acceptability. The vegetables were raw across both dishes. At least there was plenty of sauce, enough for our large bowl of rice. Then again, for twelve dollars, we expect a large amount of rice. White rice is one of the cheapest foods known to man, and this had just been scraped straight from the rice cooker, with those hard bits from the sides and everything. For twelve bucks, could you do us the courtesy of fluffing up the rice? Right at the other end of the spectrum, the orange steak was outstanding. When we read orange steak, we scoffed. This meal is normally called orange beef, and we thought it was just another example of Top Taste having ideas above their station. We were very wrong. The meat was delicious, thick pieces of reasonable beef, cooked perfectly in a superb sauce. Little bits of orange peel were very welcome, as was the cooked garlic. It was just the raw veggies that let it down from perfection.",,,,,,,,,,,,,,,,,,,,,,,,,,,,,,,,,,,,,,,,,,,,,,,,,,,,,,,,,,,,,,,,,,
2023-11-24-arcimboldi.md,Reviews,post,Arcimboldi,2023-11-24,4,dinner,"24 Dundas Street, Seatoun, Wellington 6022",New Zealand,TODO,TODO,https://www.arcimboldi.net/,"Seatoun, Wellington We ate dinner here in November 2023 Beetroot, honey, pecan and basil bruschetta Blue cheese polenta chips with buffalo sauce Pizza: Half vegetariana, half salsiccie We stumbled across Arcimboldi on a cold, windy Wellington night and are sure glad we did. It looks tiny from the outside, but is long and thin with most of the dining area hidden out the back, alongside their garden where we saw staff picking ingredients. The menu is mostly Italian and everything was bellissimo. The bruschetta was innovative and all the flavours worked great together. The Fee-Rex did get a mystery, rock hard item on her piece which was disconcerting but not a deal-breaker. The polenta chips were made with blue cheese, which was a first for us. It would have been nice for the flavour of the blue cheese to be a bit stronger, and the buffalo sauce was perplexing. Not bad, certainly, but not good either. We felt compelled to eat it, but weren't quite sure at the end whether we actually liked the sauce or not. The pizza was marvellous. Firstly, shout out for offering a half-and-half pizza (for a modest fee) - this lets us enjoy two flavours which we really appreciate. Both were excellent. The vegetarian was no throwaway item, as it often is in other restaurants. This vegetarian could stand proudly alongside any of the other pizzas. The salsiccie had pork fennel sausage on it, which is a favourite of Business Andys. The Fee-Rex has been often unimpressed by this and was apprehensive to order it again. But Arcimboldi had the clever idea to put on just crumbled up bits of sausage meat, rather than slices of sausage. This was a huge improvement. Website",,,,,,,,,,,,,,,,,,,,,,,,,,,,,,,,,,,,,,,,,,,,,,,,,,,,,,,,,,,,,,,,,,
2023-12-15-amador.md,Reviews,post,Amador,2023-12-15,2,dinner,"Kiosk 4/80A Willis Street, Wellington Central, Wellington 6011",New Zealand,TODO,TODO,http://www.amador.co.nz/,"We ate dinner here in December 2023 Truffle fries Cheesy garlic bread Amador is not here for dinner. Their niche is the downtown working crowd. They offer a full menu for breakfast and lunch until 2pm, but after this Amador is really a bar with only snacks available. However, just because they're only serving snacks, doesn't mean the food should be bad. The truffle fries smelled like vomit due to an unfortunate combination of excessive amounts of truffle oil mixed with parmesan cheese. The chips themselves were okay, but the smell was confronting. The cheesy garlic bread was terrible. Their biggest problem was the bread. They'd chosen supermarket style hotdot buns which they'd split horizontally and chucked on some garlic butter and mozzerella then grilled them. They were insanely chewy, a genuine effort to bite through, you need to pull in one direction and move your head in the other direction like a dog with a piece of stewing steak, to get a mouthful. Even aside from the awful texture, the flavour was nothing special and they'd put a rim of balsamic glaze around the edge of the plate which was bringing nothing and ended up on your face and arm. Luckily they did do good espresso martinis. They had 3 different kinds and all of them were delicious in thier own way. It wasn't a particularly inventive cocktail menu, just the classics really, and the white lady was too ginny.",,,,,,,,,,,,,,,,,,,,,,,,,,,,,,,,,,,,,,,,,,,,,,,,,,,,,,,,,,,,,,,,,,
2024-01-04-spice-paradise.md,Reviews,post,Spice Paradise,2024-01-04,1,dinner,"39 Vivian Street, Te Aro, Wellington 6011",New Zealand,TODO,TODO,http://www.spiceparadise.co.nz/,"Te Aro, Wellington We ate dinner here in January 2024 Malai kofta Paneer jalfrezi Plain naan Naan makhani Rice This place will be closed within 3 months. It has zero street appeal. It's sad inside. It looks like it's only been open for a few weeks and already it was just us and one other table there. They didn't do a single takeaway order the whole time we were dining, nor do they have a website or any affiliation with delivery services that could help their takeaway trade. In other words, they're doomed. And they can't fall back on their food either. The malai kofta barely had any taste at all. The sauce was extremely pale and thin, and the koftas were just mashed potato croquettes they had no nuts or sultanas or anything going on. At least the jalfrezi was okay, it had some flavour and the capsicums were welcome. The plain naan was middling and the naan makhani was a waste of time. We ordered it for some excitement, we didn't know what it was and there was no description on the menu. The waiter described it as being laminated with butter. Our excitement heightened, sounded like a naan croissant! This could be the next big thing, the new cronut! Turns out it tastes exactly the same as a plain naan but it's twice the price and falls apart because of the layers. As a final insult, rice wasn't included with the meal. In our opinion this is a predatory practice that should be stamped out at all costs. Literally nobody wants just a curry without rice, that's crazy, especially for dine-in. So don't charge us a regular price for a curry then make us pay $3.50 for a small bowl of rice. This kind of thing just makes you feel like they are trying to squeeze you for every penny. Speaking of, the waiter kept trying to upsell us but very inexpertly. He needs to go to the Tikka Talks School of Indian Cuisine Upselling. He was truly a master of the craft and we still regard him very fondly. Incidentally, his restaurant also closed down, so this place has no chance at all. Spice Paradise has no website",,,,,,,,,,,,,,,,,,,,,,,,,,,,,,,,,,,,,,,,,,,,,,,,,,,,,,,,,,,,,,,,,,
2024-01-19-concord-bistro-bar.md,Reviews,post,Concord Bistro & Bar,2024-01-19,2,dinner,"81 Victoria Street, Te Aro, Wellington 6011",New Zealand,TODO,TODO,https://www.concordrestaurant.co.nz/,"Te Aro, Wellington We ate dinner here in January 2024 Eye fillet with fries and Cafe de Paris butter Creamy pasta with parmesan Mille feuille with strawberries and sunflower cream Crepes Suzette Concord Bistro is a rip off. They've decided they're fancy, they have cloth napkins and French words on the menu after all, and they've hiked those prices up to high heaven. They had large paper menus, which is okay. But then they left the paper menus intentionally on the table after you order so that you used them as a placemat. What is this, a Pizza Hut (R.I.P. dine in Pizza Hut)? Is there a colouring-in picture and a maze on the back? It was so tacky and incongruent. If I'm paying $52 for a steak and chips, $21 per cocktail and a stunning $28 for a pasta with just cream and parmesan (no meat, no veg, nothing), then please take away your paper tablemat. Perhaps they have shares in the forestry industry, because they also insisted we use paper coasters. Why? The main meals were reasonable. The steak was a nice piece of meat, cooked well, the shoestring fries were crisp and the Cafe de Paris butter was good too. The pasta, while basic, was tasty. The service was good, but the wait for each cocktail was too long. The desserts were terrible. It's about as bad as we've had. The mille feuille was like two crackers stacked with yuck sunflower cream. The strawberries were at least fresh and ripe, but they couldn't save it. The crepe suzette disappointed. It came with a little cast iron frying pan of flaming cointreau, a nice bit of pageantry, but it was just far too much. Once that was in there all you could taste was cointreau, which was not enjoyable. Bookings recommended. Website (this website is an abomination, seriously, who okayed this?)",,,,,,,,,,,,,,,,,,,,,,,,,,,,,,,,,,,,,,,,,,,,,,,,,,,,,,,,,,,,,,,,,,
2024-01-29-boulcott-street-bistro.md,Reviews,post,Boulcott Street Bistro,2024-01-29,3,TODO,"99 Boulcott Street, Wellington Central, Wellington 6011",New Zealand,TODO,TODO,http://www.boulcottstreetbistro.co.nz/,"Calamari with garlic mash and rocket Lamb rack with roast potato Vegetarian saffron rice cake Baklava Boulcott Street Bistro knows service. The maitre d' was a true delight, he made you feel extremely welcome and like family, and while this restaurant is a bit snooty he certainly wasnâ€™t. When our buoyant family party of 11 was leaving, he gave a warm handshake and just seemed thrilled to have met us. He even earned a tip, a very rare occurrence within our family. The bartender was also spot on, friendly and funny, and all the staff were just generally great. The food was pretty good, but hadnâ€™t quite reached greatness. The calamari was a bit pedestrian. Both the lamb rack and rice cake were good meals, but just didnâ€™t knock our socks off. The standout was the baklava which was absolutely delicious especially the lemon creme fraiche on the side, we would be thrilled to have that again. Bookings recommended",,,,,,,,,,,,,,,,,,,,,,,,,,,,,,,,,,,,,,,,,,,,,,,,,,,,,,,,,,,,,,,,,,
2024-03-15-hey-ramen.md,Reviews,post,Hey Ramen,2024-03-15,1,dinner,"The Majestic Centre, Ground Floor/100 Willis Street, Wellington Central, Wellington 6011",New Zealand,TODO,TODO,http://www.facebook.com/HeyRamen,"Te Aro, Wellington We ate dinner here in March 2024 Tonkotsu Ramen Beef teriyaki Hey Ramen, get some better quality meat. When it comes to a simple dish like ramen, you can't skimp on the quality. Both the beef and pork were insanely dry, to the point we wondered whether the pork hadn't been cooked to order. The non-meat ingredients weren't doing much to pick up the slack. And only one piece of naruto, you tightwads. Website",,,,,,,,,,,,,,,,,,,,,,,,,,,,,,,,,,,,,,,,,,,,,,,,,,,,,,,,,,,,,,,,,,
2024-04-05-thistle-inn.md,Reviews,post,Thistle Inn,2024-04-05,1,dinner,"3 Mulgrave Street, Thorndon, Wellington 6011",New Zealand,TODO,TODO,http://www.thistleinn.co.nz/,"Pipitea, Wellington We ate dinner here in April 2024 Lamb rump, polenta, broccolini, pistachio & lime gremolata Ribeye, cafe de paris butter, jus, and fries We didn't enjoy our trip to the Thistlle Inn. We stood around for a long time near the bar feeling confused, being completely ignored without so much as a greeting or ""be with you shortly"". We saw a bar snacks menu on the bar, and we then stumbled upon a proper restaurant menu at the unmanned maitre'd station. Finally we were seated and bought water to our table, but it was sparkling and contained both lemon and cucumber. The Fee-Rex hates sparkling water. She hates water with lemon in it. And she hates water with cucumber in it, so you can imagine how she felt about receiving all 3 in a single glass, unbidden, and with no other option offered. We often order cocktails and then don't talk about them, but tonight they deserve special mention. Not because they were good though. The espresso martini was watery A.F. and was cleared off the table before it was even empty. And we also tried a dessert cocktail featuring coffee and dulce de leche which tasted awful and had to be made twice as the first time they forgot to put any alcohol in it. To make matters worse, we waited a very long time for our meals. When they finally arrived we were far from impressed. The lamb rump was fatty, the polenta, sloppy, and the gremolata was a flavourless non event. It was especially offensive with a $42 price tag. The steak was somehow even worse. We ordered it medium but it came well overdone. It had a marmite-y jus and a deplorable cafe de paris butter that just tasted like plain butter but was bright yellow. Website",,,,,,,,,,,,,,,,,,,,,,,,,,,,,,,,,,,,,,,,,,,,,,,,,,,,,,,,,,,,,,,,,,
2024-04-19-el-barrio.md,Reviews,post,El Barrio,2024-04-19,2,dinner,"35 Dixon Street, Te Aro, Wellington 6011",New Zealand,TODO,TODO,http://www.elbarrio.nz/,"Te Aro, Wellington We ate dinner here in April 2024 Chicken wings Chipas Loaded fries Calamari Cheese quesdeillas Corn chips with corn and cheese dip Ham and cheese empanada Jalapeno bites Flan with burnt caramel sauce Churros with chocolate sauce If we were just rating service, El Barrio would be a 4. Our waitress was a true delight. Friendly, attentive without being overbearing, alerting us to pertinent cocktail specials, we were big fans. Unfortunately, she was let down by the kitchen. We ordered a sharing platter, which was very hit and miss. The jalapeno bites were good, spicy but not too hot, fresh and flavourful. The flan was well executed, however the 'burnt caramel' sauce was more like 'watered down golden syrup' which was overpowering in flavour compared to the flan. The calamari was also pretty reasonable - often on a sharing platter you're in for some chewy squid, but that wasn't the case here. The highlight was the churros, which were a true victory. Business Andy is quite the churros fan, despite them regularly proving to be disappointing. El Barrio's churros were fluffy and light, unlike the chewy offerings usually available. The chocolate sauce was good and plentiful, although the menu also mentioned a caramel sauce which was absent. Speaking of absent, where were the ""marinated green olives"" promised in the serving platter. There were a few green mush sauces, perhaps one of these was squished olives, although it didn't seem like it. The loaded fries and quesedilla were also let downs, and the rest of the offerings were middling. We also tried several of their cocktails. If you've got a sweet tooth, try the passionfruit daiquiri. As a final note, while we didn't participate, we did enjoy being offered a free salsa dance class at the end of our meal. El Barrio seemed like they genuinely wanted us to have a good time. Website",,,,,,,,,,,,,,,,,,,,,,,,,,,,,,,,,,,,,,,,,,,,,,,,,,,,,,,,,,,,,,,,,,
2024-04-26-jeff-cafe-limited.md,Reviews,post,Jeff Cafe Limited,2024-04-26,1,dinner,"163 The Terrace, Wellington Central, Wellington 6011",New Zealand,TODO,TODO,https://www.jeffcafe.co.nz/,"Wellington Central, Wellington We ate dinner here in April 2024 Kung pao chicken Orange beef Sometimes, our quest to bring you raw unfettered reviews takes us to grand locations. And other times, it takes us to the cold unforgiving lobby of an apartment building with non stop foot traffic of pizza-carrying residents. We didn't know what to expect when we saw Jeff Cafe. It looked closed, and the name gave us no clues. Turns out Jeff serves Chinese food and is much more popular than one might expect. It's small, being a lobby, and only had 5 tables, but 4 of them were full. We also saw 3 takeaway orders during our dining experience. Why other people were eating at Jeff Cafe we weren't sure, as it clearly wasn't because the food was good. The orange beef, a real favourite of the Fee-Rex, was the worst we've ever had. The meat was clearly ancient, was tough, and very thickly cut. The kung pao chicken was inoffensive but forgettable. We scoffed down our meals then got the hell out of Jeff's frigid ice cave.",,,,,,,,,,,,,,,,,,,,,,,,,,,,,,,,,,,,,,,,,,,,,,,,,,,,,,,,,,,,,,,,,,
2024-04-29-shanghai-restaurant.md,Reviews,post,Shanghai Restaurant,2024-04-29,2,TODO,"Ground Floor Skycity/346 Victoria Street, Hamilton Central, Hamilton 3204",New Zealand,TODO,TODO,https://www.shanghaihamilton.co.nz/skycity-hamilton.html,"Te Aro, Wellington Orange beef with rice Szechuan lamb with rice Fried dumplings BBQ pork Fried squid Shanghai Restaurant claims to be Wellington's oldest Chinese restaurant, being in service for over 50 years. Their decor supports that - it's proper classic Chinese restaurant stuff, with tablecloths covered with a glass panel, a crowded lobster tank and tacky art on the walls. The food was mostly middling to poor, but we would like to give a shoutout to the orange beef. It was hot, fresh, juicy and flavourful. Inscrutibly it came with a whole head of steamed broccoli which was very unwelcome, but otherwise it was excellent. The rest didn't fare so well. The dumplings were waterproof in texture, which was no use for sauce absorption, and the innards were crumbly. The squid was chewy with floury batter and sad sauce which didn't stick well to the food. The BBQ pork and szechuan lamb were middle of the road. Website",,,,,,,,,,,,,,,,,,,,,,,,,,,,,,,,,,,,,,,,,,,,,,,,,,,,,,,,,,,,,,,,,,
2024-05-10-whitby-s-restaurant-and-bar.md,Reviews,post,Whitby's Restaurant & Bar,2024-05-10,1,dinner,"147 The Terrace, Wellington Central, Wellington 6011",New Zealand,TODO,TODO,https://www.grandchancellorhotels.com/james-cook-hotel-grand-chancellor/restaurants-bars/whitby-s-restaurant-bar,"Wellington Central Beef burger and chips Lamb cutlets with cauliflower puree, beetroot, and broccolini Dining out is a discretionary expense, and while there are certain intangibles involved that are hard to put a dollar value on, like not having to clean up after yourself, it's generally clear when you are getting good value for money. Likewise, it's often excruciatingly clear when something is poor value. And while that's definitely not the most important thing when you're eating out, you hope that a restaurant leaves some kind of impact other than ""what a ripoff."" Whitby didn't give a hoot about value for money. We ordered two cocktails that were almost indistinguishable from one another, however one was priced at $8 more than the other. The burger was more than four Big Mac's worth of dollars, but certainly wasn't more than four Big Mac's worth of trouble. The lamb and its jus were probably the nicest things they served, although there was still some gristle, and the sides that came with it were wankily arranged to disguise that there was bugger all to actually eat. The vegetables were a cauliflower puree, roast beetroot, tepid brocollini and some mystery pale red thing - a yam? A note about service. There were a lot of staff present, 7 visible at once at one point. Yet our burger we ordered without tomato came with tomato. Our plates sat on our table after we finished for far too long. In fact they were still there when we left, what if we'd wanted dessert? And to top it off, when we finally did go to leave, we waited at the hostess stand for an inordinate period with nobody around. It was long enough for the Fee-Rex to take a pen and to rearrange their staples on the counter. Website",,,,,,,,,,,,,,,,,,,,,,,,,,,,,,,,,,,,,,,,,,,,,,,,,,,,,,,,,,,,,,,,,,
2024-06-07-daisy-s.md,Reviews,post,Daisy's,2024-06-07,3,dinner,"221 Airfield Road, Ardmore 2582",New Zealand,TODO,TODO,TODO,"Thorndon, Wellington We ate dinner here in June 2024 Cauliflower fritters Lamb ragu Eye fillet with chips Carrots with za'atar Daisy's serves upmarket fare in a cosy atmosphere and is probably upset that she didn't get a 4. While this meal was good, it wasn't quite great. The carrots were a highlight, well cooked with some caramelisation and interesting flavours. The steak was a lovely piece of meat, but was unevenly cooked, ranging from medium to rare depending on your bite. The ragu was tasty, we particularly appreciated the generous topping of parmesan. Call us traditionalists, but we expected the fritters to be flat, a la corn fritter. We were tickled to find these ones were balls. The flavour was odd and controversial. There was tumeric and something citrus-y, and overall the experience wasn't unpleasant, but nor was it something you'd want to order again. Website",,,,,,,,,,,,,,,,,,,,,,,,,,,,,,,,,,,,,,,,,,,,,,,,,,,,,,,,,,,,,,,,,,
2024-06-14-pizza-castle.md,Reviews,post,The Pizza Castle - Dannevirke,2024-06-14,1,dinner,"25 High Street, Dannevirke 4930",New Zealand,TODO,TODO,http://www.thepizzacastle.co.nz/,"Dannevirke We ate dinner here in June 2024 Italian pizza (salami, ham, olives, mushroom, onion) Cheesy jalapeno bites Pizza Castle? Pizza dungeon more like it. Well, maybe that's a bit harsh, it wasn't damp or dark. But it was cold and bad stuff happened here. Beside having seating for 14, Pizza Castle gave no other indication that dine-in was even an option. There was no cutlery, no water, no plates, not a single serviette in sight. We ate from the box. The bites were basically super salty crumbed balls of low-flavour cheese with tiny bits of jalapeno in them along with some unwelcome corn. They were not spicy, nor were they flavourful. They needed a dipping sauce desperately, but there was none on hand. And the pizza had a reasonable base, but the toppings were very bland. Website",,,,,,,,,,,,,,,,,,,,,,,,,,,,,,,,,,,,,,,,,,,,,,,,,,,,,,,,,,,,,,,,,,
2024-06-30-chipmunks-playland-and-cafe.md,Reviews,post,Chipmunks Playland & Cafe,2024-06-30,2,lunch,"8 Westgate Drive, Westgate, Auckland 0614",New Zealand,TODO,TODO,https://chipmunksplayland.co.nz/westgate/,"Tawa, Wellington Rating: 2 We ate lunch here in June 2024 Beef burger Fish and chips Mocha As we gazed about our surrounds at Chipmunks, we saw what was perhaps the most captive audience that has ever existed. The 'Munk could have been peddling truly abysmal food and they would have still had a steady flow of bored parents and excited children ordering donuts, coffees, and ""frogs in ponds"" which were criminally overpriced Freddo frogs in cups of green jelly. Fortunately for us, they took the opportunity to aim a little higher than that, and served up a couple of pleasant surprises. The mocha was genuinely good, a pleasant balance between coffee and sweetness, and not too much of either. The ciabatta that enclosed the burger was excellent, fresh and soft, and perfectly toasted. And the chips were hot and fresh, salted just the amount, and had no nasty old oil flavour. The fish was crisp, although we felt the quality of the actual fish was middling. The fish and chips came with what was unfortunately just mixed salad leaves out of a bag with an almost insultingly sparse dribble of balsamic reduction over the top, what a trudge finishing this salad was. That same salad mix found its way into the burger too, but overall, the burger was actually pretty good, and was the highlight. Website",,,,,,,,,,,,,,,,,,,,,,,,,,,,,,,,,,,,,,,,,,,,,,,,,,,,,,,,,,,,,,,,,,
2024-07-02-dirty-little-secret.md,Reviews,post,Dirty Little Secret,2024-07-02,2,dinner,"54 Taranaki Street, Te Aro, Wellington 6011",New Zealand,TODO,TODO,https://www.dirtylittlesecret.co.nz/?utm_source=google&utm_medium=organic&utm_campaign=gmb&utm_term=plcid_8653231323485498737,"Te Aro, Wellington We ate dinner here in July 2024 Cauliflower tacos Chicken burger with chips Dirty Little Secret pumps on a Thursday for drag night bingo, but on a Tuesday at 8pm she was pretty deserted. Nevertheless the bar staff were friendly, but using our bingo winnings (first place, what's up) via their app was a huge pain in the ass. The cauliflower tacos were a rip off. $22 for two tacos, which were small and very basic. Cauliflower, some kind of sauce, and a 'salsa' that was just chopped up tomatoes. $11 worth, we think not. The chicken burger was better. While the bun was on the stale side, the chicken was crispy and flavourful, it held together well and the slaw, pickles and cheese were a lovely combination. The chips were pretty good, and we welcomed the accompanying aioli.",,,,,,,,,,,,,,,,,,,,,,,,,,,,,,,,,,,,,,,,,,,,,,,,,,,,,,,,,,,,,,,,,,
2024-08-24-the-green-man-pub.md,Reviews,post,The Green Man Pub,2024-08-24,2,dinner,"25 Victoria Street, Wellington Central, Wellington 6011",New Zealand,TODO,TODO,https://stargroup.nz/venues/the-green-man-pub,"Wellington Central We ate dinner here in August 2024 Pork belly bites Flatbread with hummus Chicken tenders The Green Man had a very small menu. Aside from starters, it had only 4 mains, plus the Wellington On A Plate burger. We made the decision when we moved BAATFR to Wellington that during WOAP we would not be reviewing the burgers. Why? Because WOAP is a special item not usually available and is not necessarily representative of the cuisine or quality of the establishment. Since the menu was so wee and we didn't fancy the sound of the mains we just got a few starters. The pork belly was surprisingly good, and the flatbread was no slouch either. The tenders were anything but tender. Dry, dry, dry like a chicken jerky. We did appreciate the pickled onion and capsicum plus the dipping sauce, but the tender itself was disastrous. We were excited to see three espresso martinis on their menu. We were crushed to hear they were not serving them, nor any cocktails, that night. We received the excuse that they'd had a special on cocktails the night before and had run out of ingredients. This excuse doesn't stand up to inspection. There were a dozen cocktails on that menu. You don't have the ingredients to make any? Yet you can still serve other mixed drinks? That maths ain't mathsin. Website",,,,,,,,,,,,,,,,,,,,,,,,,,,,,,,,,,,,,,,,,,,,,,,,,,,,,,,,,,,,,,,,,,
2024-09-07-mekong-cafe.md,Reviews,post,Mekong Cafe,2024-09-07,2,dinner,"638 Port Road, Whangamatā 3620",New Zealand,TODO,TODO,https://mekongonline.co.nz/,"Te Aro, Wellington We ate dinner here in September 2024 Chicken curry with rice Beef brisket with rice Roti Honestly, we wish we could rate it higher based on just the friendliness of the hostess. She was something else, we were just superbly looked after. And the meals came out fast too. However what came out was only passable on the whole. The broth in the chicken curry was absolutely delicious, but the chicken was old and dry. The beef was practically offensive. It wasn't brisket for a start, but was the oldest, cheapest beef in the city instead, with plenty of gristle. And unlike the chicken curry, the beef broth didn't save that meal. Roti is often an easy win, but for some reason this roti was really dry, crispy almost, with insufficient lamination. And we somehow ordered two plates of the stuff. Oh well. Website",,,,,,,,,,,,,,,,,,,,,,,,,,,,,,,,,,,,,,,,,,,,,,,,,,,,,,,,,,,,,,,,,,
2024-09-13-taco-bell.md,Reviews,post,Taco Bell,2024-09-13,2,dinner,"50 Northcote Road, Northcote, Auckland 0627",New Zealand,TODO,TODO,https://www.tacobell.co.nz/,"Te Aro, Wellington We ate dinner here in September 2024 Cheese quesedilla Cheesy gordita crunch Beef nachos Churros The Beast is slain at last. The spectre of Taco Bell on Cuba has haunted us forever. Ever since we first saw him sitting there on his throne of skulls right beside the bus stop. No more. And just like Subway, a great weight was lifted from our shoulders as we ticked this chain off the list. It turns out that we'd been building Taco Bell up in our minds like some kind of final boss of fast food for far too long. The overall impression is that it's just bland. The quesadilla only escaped being as bland as the rest of the dishes by the included sauce sachets. Neither of which was fantastic, but at least they added something. The nachos of the loaded nachos came with some kind of red dust scattered all over them, but alas, all you couldn't taste it at all. Likewise the beef mince was flavourless, and the cheese sauce, barely detectable. At least the guac tasted somewhat like avocado, but is it really made from avocados? The gordita fared mostly the same, it had the same bland mince, but also had some kind of sauce in it that the Fee-Rex really didn't appreciate. We did actually like the texture, with a crunchy taco shell inside soft flat bread. The churros were the only thing we'd have again. They were soft and fluffy on the inside, crunchy on the outside, and absolutely smothered in a tasty mix of cinnamon and sugar. Their chocolate sauce was thin, but there was a lot of it, no sad rationing required. A note on value. The menu at Taco Bell looks really cheap, with dishes half to two thirds of the cost you'd expect if ordering them somewhere else. Don't be fooled. Aside from the difference in quality, there is a substantial size difference. Many cafe nachos are so big we struggle for finish them. After we ate the above meal, we came home and had toast. Website",,,,,,,,,,,,,,,,,,,,,,,,,,,,,,,,,,,,,,,,,,,,,,,,,,,,,,,,,,,,,,,,,,
2024-10-04-scopa-pizzeria.md,Reviews,post,Scopa Pizzeria,2024-10-04,3,TODO,"141 Cuba Street, Te Aro, Wellington 6011",New Zealand,TODO,TODO,http://www.scopa.co.nz/,"Te Aro, Wellington Mozzarella sticks with spicy honey Toscana pizza - Italian sausage, mushroom, scamorza, sweet onion Baked cheesecake with blackberries Scopa Pizzeria is a popular place. We've clocked it before when in the area and noticed its fullness. Tonight when we showed up, as usual reservation-less to a heaving establishment, we were told we could wait for a table. We weren't the only ones waiting, but the food service was pretty fast and we only had to do about 15 minutes standing around at the bar before being seated. We took that time to have cocktails (the bottled marg and the bottled cherry concoction) which unfortunately we can't recommend. But we can recommend the mozzarella sticks and the pizza, which were both excellent, especially the cheese sticks and the delicious hot honey. In case you're wondering, as we were, hot honey means both spicy and warm. And while we do appreciate a nice baked cheesecake, this one fell a bit short. It was sunken in the middle, too cold, and the coulis that came with it was far too full of seeds. Bookings strongly recommended.",,,,,,,,,,,,,,,,,,,,,,,,,,,,,,,,,,,,,,,,,,,,,,,,,,,,,,,,,,,,,,,,,,
2024-10-27-fast-lane-restaurant.md,Reviews,post,Fast Lane Restaurant,2024-10-27,1,lunch,"16, State Highway 1, Waiouru 4825",New Zealand,TODO,TODO,https://restaurantguru.com/Fast-Lane-Restaurant-Waiouru,"Waiouru We ate lunch here in October 2024 Battered fish Chips Fried chicken Carrot cake Fast Lane Restaurant caters to the passing-through-Waiouru-wanna-stop-for-less-than-five-minutes crowd, right next to the public rest rooms where the off-brand air blade hand dryers emitted a strangely unpleasant odour. Fast Lane Restaurant offers various fried foods in a warmer, a chilled cabinet of sandwiches and cakes, as well as a fish and chips shop style cooked menu. It was a long weekend and Fast Lane was doing steady trade. Despite this, the chips tasted like they'd been in the warmer for quite some time. They were soft, floury, and stale - a sobering reminder that while most chips are fairly similar and rather enjoyable, it is certainly possible for them to be bad. The fish looked appealing externally but was very fishy in flavour. The fried chicken fared a bit better. It had a crispy coating but was pretty oily and bland. The carrot cake was the best item but even that was merely passable. The decor was extremely dated and shabby, napkins and wooden cutlery hard to come by, and we inexplicably selected the table next to three grotty open bins. We recommend avoiding the Fast Lane - switch to the slow lane, wait an extra five minutes and get some food you might actually want to eat. Website",,,,,,,,,,,,,,,,,,,,,,,,,,,,,,,,,,,,,,,,,,,,,,,,,,,,,,,,,,,,,,,,,,
2024-11-24-the-tasting-room.md,Reviews,post,The Tasting Room,2024-11-24,3,dinner,"2 Courtenay Place, Te Aro, Wellington 6011",New Zealand,TODO,TODO,https://www.thetastingroom.co.nz/,"Te Aro, Wellington We ate dinner here in November 2024 Onion rings Pulled pork loaded fries Falafel Popcorn chicken Mushroom arancini Woah. Best onion rings ever. Literally the best onion rings we have ever had. You know how sometimes you want to order onion rings, then you hesitate because you've been burned one too many times by compound extruded onion ring BS. You can put your fears aside at The Tasting Room. Fresh. Piping hot. Homemade. Actual rings of onion. Big. Crispy yet also a little squishy. You can have all these things. But it's not over yet because let us tell you about the sauce. ""Chip shop curry sauce"" was the title. We want to go to that chip shop. It was curry-ish, but not over spicy but it had a wonderfully warm flavour, there was tonnes of it, and it sure did pair well with the onion. And yes, we dipped everything else in it too. Leave no curry sauce behind. After those heights it's hard for the other dishes to measure up, and they didn't. Worst of all was the popcorn chicken, which was dry and not very flavourful. The arancini was also on the dry side, but not bad. The falafel and loaded fries were also fine, but nothing to write home about. Unlike the sonnet we've just composed about the onion rings. Website",,,,,,,,,,,,,,,,,,,,,,,,,,,,,,,,,,,,,,,,,,,,,,,,,,,,,,,,,,,,,,,,,,
2024-11-29-__wei.md,Reviews,post,Wei,2024-11-29,2,dinner,"318 Tinakori Road, Thorndon, Wellington 6011",New Zealand,TODO,TODO,https://www.weithorndon.co.nz/,"Thorndon, Wellington We ate dinner here in November 2024 Orange beef Thai style eggplant with pork Perhaps it's partly our fault for trying to have dinner during the peak office-do weeks, but what a schemozzle. They were just not set up for a big table of drunken revellers to be whooping and hollering in the back. The other, much more demure large table beside them was quite upset to be seated beside such a rowdy group, but we had a great time just people watching. We certainly had a lot of time to fill. Despite all the other tables already being served by the time we had finished ordering, we still had to wait about 30 minutes for our dinner. How are you so slow, especially for Chinese food which is usually lightning quick? Yes, there was an adjoining takeaway wing, but gauged by the level of traffic coming in and out of there it wasn't particularly busy. The orange beef, which is Fee-Rex's favourite, was underwhelming to say the least. There was no orange flavour and the beef pieces were large and super chewy. The eggplant dish was quite interesting. You may think that it would be pieces of fried eggplant, and pieces of fried pork. But you'd be wrong. They had somehow combined the pork and the eggplant together (poking the pieces of pork into the eggplant perhaps?), battered and fried it as one large unit. Then it had been placed in a sauce, which was a bit too sweet and a bit too salty, but the overall effect was surprising and unexpected. Unfortunately this wasn't enough to compensate for the bad beef, long wait and poor ambiance. Website",,,,,,,,,,,,,,,,,,,,,,,,,,,,,,,,,,,,,,,,,,,,,,,,,,,,,,,,,,,,,,,,,,
2024-12-28-firebird.md,Reviews,post,Firebird,2024-12-28,3,lunch,"42 Brownston Street, Wanaka, Wānaka 9305",New Zealand,TODO,TODO,http://www.firebirdwanaka.co.nz/,"Levin We ate lunch here in December 2024 Pulled pork tostadas Mushrooms on toastÂ In the heavy northbound Christmas traffic, we decided to pull in at the first place we saw in Levin. Despite only being 12.30, it wasnâ€™t clear on entering the Firebird whether it was open or not. There was one member of staff, who hadnâ€™t turned around to face us, and a couple of people sitting in this large, slightly dark room with a second-hand-shop vibe. We were informed that they were open, but that there were no pizzas, nothing from the mains menu, and actually she would prefer we just ordered from the brunch menu. This narrowed it down to about six options.Â Firebird has a Mexican slant to their menu, and we were looking forward to the tostadas. Yet another unavailable item, she didnâ€™t have any of their usual tostada bases but popped everything on a big tortilla instead. It was pretty good but not groundbreaking.Â What was groundbreaking was the mushrooms on toast. The seasoning was incredible - we couldnâ€™t name exactly what was going on and reckon some of the Mexican spices had snuck in there, but it was a flavour explosion. This kind of dish reminds you that mushrooms on toast, so often a throwaway, can be a total powerhouse when done correctly.Â Website",,,,,,,,,,,,,,,,,,,,,,,,,,,,,,,,,,,,,,,,,,,,,,,,,,,,,,,,,,,,,,,,,,
2024-12-28-windermere-berry-farm.md,Reviews,post,Windermere Berry Farm,2024-12-28,3,lunch,"313 State Highway 3, Whanganui 4574",New Zealand,TODO,TODO,http://www.windermerefarms.co.nz/,"Whanganui We ate lunch here in December 2024Â Pancakes with maple syrup, strawberry and cream Vegetable focacciaÂ On a sunny December 27th, Windermere Berry Farm is exactly as packed as you would expect. Despite this, everything came out really fast. The vegetable focaccia was bloody good, and that is far from a given. Many veg sandwiches are thoughtless throwaways with mismatched innards, but this focaccia had been given some thought. The caramelised onion, pesto, mushroom and spinach all worked together perfectly and we would be happy to enjoy it again anytime.Â Same goes for the pancakes. They were big and fluffy with tonnes of strawberries. Really, really good strawberries too. Sometimes places use their D-grade fruit in settings like this, but these strawberries could happily be eaten alone. Our only complaint would be that there wasnâ€™t enough syrup - fluffy pancakes are like a sponge so you really need to drench them in the maple.Â Websites",,,,,,,,,,,,,,,,,,,,,,,,,,,,,,,,,,,,,,,,,,,,,,,,,,,,,,,,,,,,,,,,,,
2025-01-04-indian-indulgence.md,Reviews,post,Indian Indulgence,2025-01-04,2,dinner,"63 George Street, Palmerston North Central, Palmerston North 4410",New Zealand,TODO,TODO,https://indianindulgence.nz/,"Palmerston North We ate dinner here in January 2025Â Malai kofta Â Plain naan Garlic naan Onion bhaji On New Years Day in Palmerston North, dining options were limited. Our first two places we randomised were closed, and we then drove the streets looking for bright lights. We werenâ€™t the only people to have found Indian Indulgence, with 5 other tables plus some people getting takeaways. Despite this the service was prompt and friendly.Â The onion bhaji was acceptable. It looked like it had promise, it was at least individual bits of fried onion rather than those big gross onion cakes with the floury bits that you sometimes get. And the tamarind sauce was a good consistency, sometimes they can be too thin.Â Naan wise there was a high high and a low low. The plain naan was too thin and crisp, it wasnâ€™t a poppadom but it was thinking about it. On the other hand, the garlic naan was quite exceptional. The Fee-Rex doesnâ€™t usually rate garlic naan, believing them often to be an added expense for no added flavour. But this one was soft and super garlicky with a bit of herbs on there too, so different to the plain naan you wouldnâ€™t think theyâ€™d been made by the same person.Â We are in a transition period from mild to medium curry. After years of eating mild curries we have been finding a lot of unpleasant sweetness, so we are experimenting with going medium. However, this can make it a little harder to judge our familiar favourites as they donâ€™t taste like we are used to. Overall, the sauce was good but not great. The koftas were pretty plain but at least were nice and soft as opposed to rubbery.Â Website",,,,,,,,,,,,,,,,,,,,,,,,,,,,,,,,,,,,,,,,,,,,,,,,,,,,,,,,,,,,,,,,,,
2025-01-04-king-cafe.md,Reviews,post,King Cafe,2025-01-04,2,lunch,"Down Town Food Court Shop 6/60 Broadway Avenue, Central, Palmerston North 4410",New Zealand,TODO,TODO,https://www.facebook.com/kingcafepn/,"Palmerston North We ate lunch here in January 2025Â Bicol Express Quesadilla with chipsÂ King Cafe is apparently a â€˜Filipino-Kiwi Kitchenâ€™, but you wouldnâ€™t necessarily know it to look at the menu. There were several Mexican dishes, a bunch of fried basics (think tenders, loaded fries etc), spaghetti, and what they bragged was a very messy cheeseburger. Also, and forgive our lack of culture here, we hadnâ€™t realised that tiny frozen mixed veg was such a Filipino staple. We saw a meal coming out with an absolute mountain on the stuff on the side of the plate, which caused us to be very wary in our ordering.Â The quesadilla was passable. They hadnâ€™t described what was in the quesadilla, simply labelling it â€˜quesadillaâ€™ and allowing ones imagination to wander. Turns out it was chicken, with a tomato-BBQ-esque sauce, cheese, and of course some frozen mixed veg, although thankfully not much, you wouldnâ€™t have known it was there if you couldnâ€™t see the peas randomly rolling out of it. The accompanying fries were pretty good, kudos on the chicken salt, and they were helpful for mopping up all the quesadilla innards that spilled everywhere.Â The pork dish was, per the menu description, spicy, although not unpleasantly so. Actually, the flavour was quite nice. There was thankfully no frozen mixed veg, but the pork was of a very poor quality. The prawn crackers were a welcome addition, and there was a side salad that had a reasonable dressing.Â All in all, reasonable. Website",,,,,,,,,,,,,,,,,,,,,,,,,,,,,,,,,,,,,,,,,,,,,,,,,,,,,,,,,,,,,,,,,,
2025-01-31-thai-country-cafe.md,Reviews,post,Thai Country Cafe,2025-01-31,2,dinner,"2792 Tarras-Cromwell Road, Tarras 9383",New Zealand,TODO,TODO,TODO,"Tawa, Wellington Red curry with kumara and pineapple Drunken noodles with beef Chicken satay skewers How many pieces of pineapple would you expect to have in a kumara and pineapple curry? 5? 6? If you answered zero, you are either the proprietors of Thai Country Cafe, or a psychopath. Making matters worse, we're not 100% sure there was any kumara in it either. There was certainly a starchy vegetable, but it was either very pale kumara, or just potato. Either way, damning. Fortunately for the proprietors of Thai Country Cafe, the drunken noodles were pretty reasonable. There was a good amount of kick, plenty of Thai basil, the beef was acceptable, and everything they said was going to be in there was present. In retrospect, we were stupid to buy the skewers, and by we, we mean mostly Business Andy. Not only do we not need that much food, but it's such a fraught menu item. They are so often dry like they were tonight, and the meat always comes off the skewer itself very poorly, causing you to either deepthroat the whole pointy thing, or rip it off with your hands like some kind of animal.",,,,,,,,,,,,,,,,,,,,,,,,,,,,,,,,,,,,,,,,,,,,,,,,,,,,,,,,,,,,,,,,,,
2025-03-01-chicking.md,Reviews,post,Chicking,2025-03-01,1,dinner,"shop 4/383 Andersons Bay Road, South Dunedin, Dunedin 9012",New Zealand,TODO,TODO,https://www.chicking.nz/,"Newtown, Wellington Fries Onion rings BBQ double toastie Tandoori bites Tandoori burger Mash n Gravy Chicking, remove your crown, you are being dethroned. You can't give us food like that and expect to still occupy the throne. Beyond the food, the ambiance was abysmal. The place was filthy - we arrived at 5.30, the place was not busy yet somehow the tables were covered in crumbs and the floor was covered in debris including two white feathers - we'd be concerned but after eating that meal there's no way the chicken was that fresh. The table had been pushed so it had made holes in the filthy wall. There were plenty of flies to boot. If the place was empty, how come we had to wait 15-20 minutes and the food wasn't even fresh? In the time we were waiting they served 2 or 3 takeaway customers, but they were far from busy and had four visible members of staff. The chips were old as the hills, and the popcorn chicken was older than the hills. The burger was luke warm, but at least the chicken inside was fresh. The tandoori bites were also fresh, but the outside was floppy rather than crispy. The BBQ double toastie was a tonne of meat, real heart attack stuff, but was one of the less offensive items overall. The clear winner was the mash, which we would have again (better than KFC). Shame it didn't come with a spoon, so you only had the option to dip your flaccid chips into it. Easily the most offensive item was the onion rings. For a start, $6.50 was their standard price for 6 onion rings. As we were purchasing with other items, we earned the ""hot steal"" deal, 6 for $5. The picture on the menu showed beer battered, happy looking rings. What we got was big, sweet, sad, stale composite onion rings worth 20c at best.",,,,,,,,,,,,,,,,,,,,,,,,,,,,,,,,,,,,,,,,,,,,,,,,,,,,,,,,,,,,,,,,,,